domain,unit_id,budget,policy,reconstructor,psnr,ssim,nmse,nfe,wall_seconds,peak_memory_bytes,gpu,source_record_sha256
face,celeba-hq:1014,0.05,adasense_matched,ddrm,28.74167251586914,0.7890943288803101,,1000,11.944443619810045,3943142400,NVIDIA A100-SXM4-80GB,65c81e4f4352d87a9ed01866304e4f87750f595a09a4f8f117312da067bfd6db
face,celeba-hq:1014,0.05,ads_matched,ddrm,27.883895874023438,0.7538136839866638,,80032,860.7439040080644,36316853760,NVIDIA A100-SXM4-80GB,65c81e4f4352d87a9ed01866304e4f87750f595a09a4f8f117312da067bfd6db
face,celeba-hq:1014,0.05,cm_spectral_once_k1,ddrm,27.783000946044922,0.7478342056274414,,1,2.5945582198910415,1297763328,NVIDIA A100-SXM4-80GB,65c81e4f4352d87a9ed01866304e4f87750f595a09a4f8f117312da067bfd6db
face,celeba-hq:1014,0.05,cm_spectral_repeat_k1,ddrm,27.42525863647461,0.7367072105407715,,5,9.70191416144371,1299664384,NVIDIA A100-SXM4-80GB,65c81e4f4352d87a9ed01866304e4f87750f595a09a4f8f117312da067bfd6db
face,celeba-hq:1014,0.05,cm_spectral_repeat_k10,ddrm,28.4808349609375,0.7762117981910706,,50,10.604440937750041,1302023680,NVIDIA A100-SXM4-80GB,65c81e4f4352d87a9ed01866304e4f87750f595a09a4f8f117312da067bfd6db
face,celeba-hq:1014,0.05,cm_spectral_repeat_k5,ddrm,28.43088150024414,0.7731157541275024,,25,9.939198864158243,1302023680,NVIDIA A100-SXM4-80GB,65c81e4f4352d87a9ed01866304e4f87750f595a09a4f8f117312da067bfd6db
face,celeba-hq:1014,0.05,uniform,ddrm,21.768142700195312,0.4649868309497833,,0,0.9448620402254164,927876608,NVIDIA A100-SXM4-80GB,65c81e4f4352d87a9ed01866304e4f87750f595a09a4f8f117312da067bfd6db
face,celeba-hq:1014,0.05,variable_density,ddrm,23.52582550048828,0.5475018620491028,,0,1.1014022128656507,930564096,NVIDIA A100-SXM4-80GB,65c81e4f4352d87a9ed01866304e4f87750f595a09a4f8f117312da067bfd6db
face,celeba-hq:1014,0.1,adasense_matched,ddrm,31.020687103271484,0.8652050495147705,,1000,28.00586161389947,3943142400,NVIDIA A40,ec0803aa7a584d887fac856042b2b475d9bfa001c449fd92f98d4f1c6132f4d1
face,celeba-hq:1014,0.1,ads_matched,ddrm,29.563934326171875,0.8179606795310974,,80032,2136.2644981960766,36316853760,NVIDIA A40,ec0803aa7a584d887fac856042b2b475d9bfa001c449fd92f98d4f1c6132f4d1
face,celeba-hq:1014,0.1,cm_spectral_once_k1,ddrm,29.46563720703125,0.808565080165863,,1,3.556889201980084,1331321856,NVIDIA A40,ec0803aa7a584d887fac856042b2b475d9bfa001c449fd92f98d4f1c6132f4d1
face,celeba-hq:1014,0.1,cm_spectral_repeat_k1,ddrm,29.76589584350586,0.8240231871604919,,5,11.985050087794662,1333222912,NVIDIA A40,ec0803aa7a584d887fac856042b2b475d9bfa001c449fd92f98d4f1c6132f4d1
face,celeba-hq:1014,0.1,cm_spectral_repeat_k10,ddrm,30.742633819580078,0.8554114699363708,,50,13.41852105455473,1335582208,NVIDIA A40,ec0803aa7a584d887fac856042b2b475d9bfa001c449fd92f98d4f1c6132f4d1
face,celeba-hq:1014,0.1,cm_spectral_repeat_k5,ddrm,30.760120391845703,0.856773316860199,,25,12.475660177879035,1335582208,NVIDIA A40,ec0803aa7a584d887fac856042b2b475d9bfa001c449fd92f98d4f1c6132f4d1
face,celeba-hq:1014,0.1,uniform,ddrm,23.623348236083984,0.5569315552711487,,0,1.6339345262385905,927876608,NVIDIA A40,ec0803aa7a584d887fac856042b2b475d9bfa001c449fd92f98d4f1c6132f4d1
face,celeba-hq:1014,0.1,variable_density,ddrm,26.142391204833984,0.6647740602493286,,0,1.9393301401287317,930564096,NVIDIA A40,ec0803aa7a584d887fac856042b2b475d9bfa001c449fd92f98d4f1c6132f4d1
face,celeba-hq:1014,0.25,adasense_matched,ddrm,35.0248908996582,0.9446625113487244,,1000,12.324806978926063,3943142400,NVIDIA A100-SXM4-80GB,66fd60b819186b3c042776434f9d3068c3b48003569683f981f18785968a09b2
face,celeba-hq:1014,0.25,ads_matched,ddrm,32.733524322509766,0.9006045460700989,,80032,861.4707589936443,36316853760,NVIDIA A100-SXM4-80GB,66fd60b819186b3c042776434f9d3068c3b48003569683f981f18785968a09b2
face,celeba-hq:1014,0.25,cm_spectral_once_k1,ddrm,31.548839569091797,0.8610213994979858,,1,2.958077640272677,1297763328,NVIDIA A100-SXM4-80GB,66fd60b819186b3c042776434f9d3068c3b48003569683f981f18785968a09b2
face,celeba-hq:1014,0.25,cm_spectral_repeat_k1,ddrm,32.66169357299805,0.8976593017578125,,5,9.91222152672708,1299664384,NVIDIA A100-SXM4-80GB,66fd60b819186b3c042776434f9d3068c3b48003569683f981f18785968a09b2
face,celeba-hq:1014,0.25,cm_spectral_repeat_k10,ddrm,34.74156951904297,0.9386730790138245,,50,10.816563186701387,1302023680,NVIDIA A100-SXM4-80GB,66fd60b819186b3c042776434f9d3068c3b48003569683f981f18785968a09b2
face,celeba-hq:1014,0.25,cm_spectral_repeat_k5,ddrm,34.748207092285156,0.9392251372337341,,25,10.480426595080644,1302023680,NVIDIA A100-SXM4-80GB,66fd60b819186b3c042776434f9d3068c3b48003569683f981f18785968a09b2
face,celeba-hq:1014,0.25,uniform,ddrm,28.807979583740234,0.7649238109588623,,0,1.3703785510733724,927876608,NVIDIA A100-SXM4-80GB,66fd60b819186b3c042776434f9d3068c3b48003569683f981f18785968a09b2
face,celeba-hq:1014,0.25,variable_density,ddrm,31.154010772705078,0.845321536064148,,0,1.4554290240630507,930564096,NVIDIA A100-SXM4-80GB,66fd60b819186b3c042776434f9d3068c3b48003569683f981f18785968a09b2
face,celeba-hq:1044,0.05,adasense_matched,ddrm,33.52671432495117,0.8865041732788086,,1000,28.14815161190927,3943142400,NVIDIA A40,ef090d2c3c52296ccabae4ba3c489707bf651685deee743505c03e2793432523
face,celeba-hq:1044,0.05,ads_matched,ddrm,33.27009201049805,0.8785760998725891,,80032,2137.8132844064385,36316853760,NVIDIA A40,ef090d2c3c52296ccabae4ba3c489707bf651685deee743505c03e2793432523
face,celeba-hq:1044,0.05,cm_spectral_once_k1,ddrm,33.06145477294922,0.8718624711036682,,1,3.511094002984464,1331321856,NVIDIA A40,ef090d2c3c52296ccabae4ba3c489707bf651685deee743505c03e2793432523
face,celeba-hq:1044,0.05,cm_spectral_repeat_k1,ddrm,32.7779655456543,0.8677528500556946,,5,11.951670142356306,1333222912,NVIDIA A40,ef090d2c3c52296ccabae4ba3c489707bf651685deee743505c03e2793432523
face,celeba-hq:1044,0.05,cm_spectral_repeat_k10,ddrm,33.34880828857422,0.8788322806358337,,50,13.25667981011793,1335582208,NVIDIA A40,ef090d2c3c52296ccabae4ba3c489707bf651685deee743505c03e2793432523
face,celeba-hq:1044,0.05,cm_spectral_repeat_k5,ddrm,33.26881790161133,0.8767855167388916,,25,12.537392317317426,1335582208,NVIDIA A40,ef090d2c3c52296ccabae4ba3c489707bf651685deee743505c03e2793432523
face,celeba-hq:1044,0.05,uniform,ddrm,28.104225158691406,0.7777270674705505,,0,1.546460079960525,927876608,NVIDIA A40,ef090d2c3c52296ccabae4ba3c489707bf651685deee743505c03e2793432523
face,celeba-hq:1044,0.05,variable_density,ddrm,29.74469757080078,0.8070288300514221,,0,1.8649873710237443,930564096,NVIDIA A40,ef090d2c3c52296ccabae4ba3c489707bf651685deee743505c03e2793432523
face,celeba-hq:1044,0.1,adasense_matched,ddrm,35.748016357421875,0.9249517917633057,,1000,12.837688290979713,3943142400,NVIDIA A100 80GB PCIe,6af44d08482dd2128439618f9a6b592634aa7e0d131e2829babe31eecb845481
face,celeba-hq:1044,0.1,ads_matched,ddrm,35.31884002685547,0.9163427948951721,,80032,934.537351924926,36316853760,NVIDIA A100 80GB PCIe,6af44d08482dd2128439618f9a6b592634aa7e0d131e2829babe31eecb845481
face,celeba-hq:1044,0.1,cm_spectral_once_k1,ddrm,34.37836456298828,0.8965849280357361,,1,2.6436209809035063,1297763328,NVIDIA A100 80GB PCIe,6af44d08482dd2128439618f9a6b592634aa7e0d131e2829babe31eecb845481
face,celeba-hq:1044,0.1,cm_spectral_repeat_k1,ddrm,34.599586486816406,0.9015326499938965,,5,9.44410038832575,1299664384,NVIDIA A100 80GB PCIe,6af44d08482dd2128439618f9a6b592634aa7e0d131e2829babe31eecb845481
face,celeba-hq:1044,0.1,cm_spectral_repeat_k10,ddrm,35.45316696166992,0.9161544442176819,,50,10.373689830768853,1302023680,NVIDIA A100 80GB PCIe,6af44d08482dd2128439618f9a6b592634aa7e0d131e2829babe31eecb845481
face,celeba-hq:1044,0.1,cm_spectral_repeat_k5,ddrm,35.40388107299805,0.9159954786300659,,25,9.780949871987104,1302023680,NVIDIA A100 80GB PCIe,6af44d08482dd2128439618f9a6b592634aa7e0d131e2829babe31eecb845481
face,celeba-hq:1044,0.1,uniform,ddrm,30.462596893310547,0.8198561668395996,,0,1.037419157102704,927876608,NVIDIA A100 80GB PCIe,6af44d08482dd2128439618f9a6b592634aa7e0d131e2829babe31eecb845481
face,celeba-hq:1044,0.1,variable_density,ddrm,31.888103485107422,0.8488984107971191,,0,1.2039408897981048,930564096,NVIDIA A100 80GB PCIe,6af44d08482dd2128439618f9a6b592634aa7e0d131e2829babe31eecb845481
face,celeba-hq:1044,0.25,adasense_matched,ddrm,40.07550048828125,0.9695076942443848,,1000,12.204814153723419,3943142400,NVIDIA A100-SXM4-80GB,1b003d8331dd99ca883d174c80523748d602fcfe3c024ba93f3471457bd111bb
face,celeba-hq:1044,0.25,ads_matched,ddrm,38.40256118774414,0.9522210359573364,,80032,860.8156331046484,36316853760,NVIDIA A100-SXM4-80GB,1b003d8331dd99ca883d174c80523748d602fcfe3c024ba93f3471457bd111bb
face,celeba-hq:1044,0.25,cm_spectral_once_k1,ddrm,36.43506622314453,0.9253394603729248,,1,3.013638106174767,1297763328,NVIDIA A100-SXM4-80GB,1b003d8331dd99ca883d174c80523748d602fcfe3c024ba93f3471457bd111bb
face,celeba-hq:1044,0.25,cm_spectral_repeat_k1,ddrm,37.35679244995117,0.9400317072868347,,5,10.198688369709998,1299664384,NVIDIA A100-SXM4-80GB,1b003d8331dd99ca883d174c80523748d602fcfe3c024ba93f3471457bd111bb
face,celeba-hq:1044,0.25,cm_spectral_repeat_k10,ddrm,39.568843841552734,0.963487446308136,,50,11.062586574815214,1302023680,NVIDIA A100-SXM4-80GB,1b003d8331dd99ca883d174c80523748d602fcfe3c024ba93f3471457bd111bb
face,celeba-hq:1044,0.25,cm_spectral_repeat_k5,ddrm,39.71580505371094,0.9649081230163574,,25,10.696848860476166,1302023680,NVIDIA A100-SXM4-80GB,1b003d8331dd99ca883d174c80523748d602fcfe3c024ba93f3471457bd111bb
face,celeba-hq:1044,0.25,uniform,ddrm,34.0670166015625,0.8874605894088745,,0,1.3920598290860653,927876608,NVIDIA A100-SXM4-80GB,1b003d8331dd99ca883d174c80523748d602fcfe3c024ba93f3471457bd111bb
face,celeba-hq:1044,0.25,variable_density,ddrm,35.9404182434082,0.9166735410690308,,0,1.466857438441366,930564096,NVIDIA A100-SXM4-80GB,1b003d8331dd99ca883d174c80523748d602fcfe3c024ba93f3471457bd111bb
face,celeba-hq:1051,0.05,adasense_matched,ddrm,33.40446853637695,0.8923551440238953,,1000,12.959541377145797,3943142400,NVIDIA A100 80GB PCIe,88cfd05cbd30712be6539b1b72705bfe0c1a7ee1a18072a0ed9451cfc3ecaf5d
face,celeba-hq:1051,0.05,ads_matched,ddrm,33.24464416503906,0.8886857628822327,,80032,935.4500401443802,36316853760,NVIDIA A100 80GB PCIe,88cfd05cbd30712be6539b1b72705bfe0c1a7ee1a18072a0ed9451cfc3ecaf5d
face,celeba-hq:1051,0.05,cm_spectral_once_k1,ddrm,32.48272705078125,0.8732023239135742,,1,2.4536924711428583,1297763328,NVIDIA A100 80GB PCIe,88cfd05cbd30712be6539b1b72705bfe0c1a7ee1a18072a0ed9451cfc3ecaf5d
face,celeba-hq:1051,0.05,cm_spectral_repeat_k1,ddrm,32.50093460083008,0.873188316822052,,5,8.935734254308045,1299664384,NVIDIA A100 80GB PCIe,88cfd05cbd30712be6539b1b72705bfe0c1a7ee1a18072a0ed9451cfc3ecaf5d
face,celeba-hq:1051,0.05,cm_spectral_repeat_k10,ddrm,32.75728225708008,0.8783574104309082,,50,9.701502108480781,1302023680,NVIDIA A100 80GB PCIe,88cfd05cbd30712be6539b1b72705bfe0c1a7ee1a18072a0ed9451cfc3ecaf5d
face,celeba-hq:1051,0.05,cm_spectral_repeat_k5,ddrm,32.70388412475586,0.875961184501648,,25,9.300104825291783,1302023680,NVIDIA A100 80GB PCIe,88cfd05cbd30712be6539b1b72705bfe0c1a7ee1a18072a0ed9451cfc3ecaf5d
face,celeba-hq:1051,0.05,uniform,ddrm,28.455730438232422,0.7860467433929443,,0,0.9081176300533116,927876608,NVIDIA A100 80GB PCIe,88cfd05cbd30712be6539b1b72705bfe0c1a7ee1a18072a0ed9451cfc3ecaf5d
face,celeba-hq:1051,0.05,variable_density,ddrm,29.67608642578125,0.8106096386909485,,0,1.1150869447737932,930564096,NVIDIA A100 80GB PCIe,88cfd05cbd30712be6539b1b72705bfe0c1a7ee1a18072a0ed9451cfc3ecaf5d
face,celeba-hq:1051,0.1,adasense_matched,ddrm,35.75481414794922,0.9326264262199402,,1000,11.99856303492561,3943142400,NVIDIA A100-SXM4-80GB,d557f00583a4c7a461c0ff23fafa8c0deee7317f5620149190e64ca5b98525ba
face,celeba-hq:1051,0.1,ads_matched,ddrm,35.420997619628906,0.9269006252288818,,80032,858.1010826728307,36316853760,NVIDIA A100-SXM4-80GB,d557f00583a4c7a461c0ff23fafa8c0deee7317f5620149190e64ca5b98525ba
face,celeba-hq:1051,0.1,cm_spectral_once_k1,ddrm,34.7318229675293,0.9115223288536072,,1,2.5970458248630166,1297763328,NVIDIA A100-SXM4-80GB,d557f00583a4c7a461c0ff23fafa8c0deee7317f5620149190e64ca5b98525ba
face,celeba-hq:1051,0.1,cm_spectral_repeat_k1,ddrm,34.634986877441406,0.9122110605239868,,5,9.48759737983346,1299664384,NVIDIA A100-SXM4-80GB,d557f00583a4c7a461c0ff23fafa8c0deee7317f5620149190e64ca5b98525ba
face,celeba-hq:1051,0.1,cm_spectral_repeat_k10,ddrm,35.136474609375,0.9197178483009338,,50,10.370502925477922,1302023680,NVIDIA A100-SXM4-80GB,d557f00583a4c7a461c0ff23fafa8c0deee7317f5620149190e64ca5b98525ba
face,celeba-hq:1051,0.1,cm_spectral_repeat_k5,ddrm,35.1910400390625,0.920824408531189,,25,9.74926742631942,1302023680,NVIDIA A100-SXM4-80GB,d557f00583a4c7a461c0ff23fafa8c0deee7317f5620149190e64ca5b98525ba
face,celeba-hq:1051,0.1,uniform,ddrm,29.95494842529297,0.8154656291007996,,0,1.0481744492426515,927876608,NVIDIA A100-SXM4-80GB,d557f00583a4c7a461c0ff23fafa8c0deee7317f5620149190e64ca5b98525ba
face,celeba-hq:1051,0.1,variable_density,ddrm,32.167606353759766,0.8568229675292969,,0,1.1933259149082005,930564096,NVIDIA A100-SXM4-80GB,d557f00583a4c7a461c0ff23fafa8c0deee7317f5620149190e64ca5b98525ba
face,celeba-hq:1051,0.25,adasense_matched,ddrm,39.55689239501953,0.969497561454773,,1000,12.293094411958009,3943142400,NVIDIA A100-SXM4-80GB,19512f0bc6d854a27fdeda6438aabc75104f3ba31c4a879355bdbf6a0c52611b
face,celeba-hq:1051,0.25,ads_matched,ddrm,38.3400764465332,0.9550331234931946,,80032,860.569217598997,36316853760,NVIDIA A100-SXM4-80GB,19512f0bc6d854a27fdeda6438aabc75104f3ba31c4a879355bdbf6a0c52611b
face,celeba-hq:1051,0.25,cm_spectral_once_k1,ddrm,37.14009475708008,0.9391710162162781,,1,2.9711226457729936,1297763328,NVIDIA A100-SXM4-80GB,19512f0bc6d854a27fdeda6438aabc75104f3ba31c4a879355bdbf6a0c52611b
face,celeba-hq:1051,0.25,cm_spectral_repeat_k1,ddrm,37.64009475708008,0.9483576416969299,,5,9.980243594851345,1299664384,NVIDIA A100-SXM4-80GB,19512f0bc6d854a27fdeda6438aabc75104f3ba31c4a879355bdbf6a0c52611b
face,celeba-hq:1051,0.25,cm_spectral_repeat_k10,ddrm,39.12263870239258,0.9640853404998779,,50,10.80231295991689,1302023680,NVIDIA A100-SXM4-80GB,19512f0bc6d854a27fdeda6438aabc75104f3ba31c4a879355bdbf6a0c52611b
face,celeba-hq:1051,0.25,cm_spectral_repeat_k5,ddrm,39.11469650268555,0.9644259810447693,,25,10.463885755743831,1302023680,NVIDIA A100-SXM4-80GB,19512f0bc6d854a27fdeda6438aabc75104f3ba31c4a879355bdbf6a0c52611b
face,celeba-hq:1051,0.25,uniform,ddrm,34.0844612121582,0.8883748650550842,,0,1.3732604631222785,927876608,NVIDIA A100-SXM4-80GB,19512f0bc6d854a27fdeda6438aabc75104f3ba31c4a879355bdbf6a0c52611b
face,celeba-hq:1051,0.25,variable_density,ddrm,35.81396484375,0.915351390838623,,0,1.4599199118092656,930564096,NVIDIA A100-SXM4-80GB,19512f0bc6d854a27fdeda6438aabc75104f3ba31c4a879355bdbf6a0c52611b
face,celeba-hq:1104,0.05,adasense_matched,ddrm,28.835350036621094,0.8345842957496643,,1000,12.098175419028848,3943142400,NVIDIA A100-SXM4-80GB,fc5c5ea5c1b03352001bb7bb46867a19203a54277785e3ca43d929cdc53b5e0e
face,celeba-hq:1104,0.05,ads_matched,ddrm,28.407649993896484,0.8256456255912781,,80032,858.5360810011625,36316853760,NVIDIA A100-SXM4-80GB,fc5c5ea5c1b03352001bb7bb46867a19203a54277785e3ca43d929cdc53b5e0e
face,celeba-hq:1104,0.05,cm_spectral_once_k1,ddrm,27.84756088256836,0.7966141104698181,,1,2.6050279173068702,1297763328,NVIDIA A100-SXM4-80GB,fc5c5ea5c1b03352001bb7bb46867a19203a54277785e3ca43d929cdc53b5e0e
face,celeba-hq:1104,0.05,cm_spectral_repeat_k1,ddrm,28.134483337402344,0.810394823551178,,5,9.494796148966998,1299664384,NVIDIA A100-SXM4-80GB,fc5c5ea5c1b03352001bb7bb46867a19203a54277785e3ca43d929cdc53b5e0e
face,celeba-hq:1104,0.05,cm_spectral_repeat_k10,ddrm,28.53530502319336,0.8247765898704529,,50,10.318646036088467,1302023680,NVIDIA A100-SXM4-80GB,fc5c5ea5c1b03352001bb7bb46867a19203a54277785e3ca43d929cdc53b5e0e
face,celeba-hq:1104,0.05,cm_spectral_repeat_k5,ddrm,28.375656127929688,0.8211079239845276,,25,9.900500937830657,1302023680,NVIDIA A100-SXM4-80GB,fc5c5ea5c1b03352001bb7bb46867a19203a54277785e3ca43d929cdc53b5e0e
face,celeba-hq:1104,0.05,uniform,ddrm,22.17898178100586,0.577485203742981,,0,0.9428983009420335,927876608,NVIDIA A100-SXM4-80GB,fc5c5ea5c1b03352001bb7bb46867a19203a54277785e3ca43d929cdc53b5e0e
face,celeba-hq:1104,0.05,variable_density,ddrm,23.934284210205078,0.6460822820663452,,0,1.088408709038049,930564096,NVIDIA A100-SXM4-80GB,fc5c5ea5c1b03352001bb7bb46867a19203a54277785e3ca43d929cdc53b5e0e
face,celeba-hq:1104,0.1,adasense_matched,ddrm,31.477542877197266,0.9014058709144592,,1000,11.995413146913052,3943142400,NVIDIA A100-SXM4-80GB,04f6bc337d002f7099ba94432023bbeaad8c2861bd8f825e34d32906087da432
face,celeba-hq:1104,0.1,ads_matched,ddrm,30.37142562866211,0.8787717223167419,,80032,860.537805408705,36316853760,NVIDIA A100-SXM4-80GB,04f6bc337d002f7099ba94432023bbeaad8c2861bd8f825e34d32906087da432
face,celeba-hq:1104,0.1,cm_spectral_once_k1,ddrm,28.592578887939453,0.8127036690711975,,1,2.7057498269714415,1297763328,NVIDIA A100-SXM4-80GB,04f6bc337d002f7099ba94432023bbeaad8c2861bd8f825e34d32906087da432
face,celeba-hq:1104,0.1,cm_spectral_repeat_k1,ddrm,29.777912139892578,0.8591685891151428,,5,10.096480327192694,1299664384,NVIDIA A100-SXM4-80GB,04f6bc337d002f7099ba94432023bbeaad8c2861bd8f825e34d32906087da432
face,celeba-hq:1104,0.1,cm_spectral_repeat_k10,ddrm,31.022872924804688,0.8883664608001709,,50,10.980503610800952,1302023680,NVIDIA A100-SXM4-80GB,04f6bc337d002f7099ba94432023bbeaad8c2861bd8f825e34d32906087da432
face,celeba-hq:1104,0.1,cm_spectral_repeat_k5,ddrm,30.89203643798828,0.8879225254058838,,25,10.315833583008498,1302023680,NVIDIA A100-SXM4-80GB,04f6bc337d002f7099ba94432023bbeaad8c2861bd8f825e34d32906087da432
face,celeba-hq:1104,0.1,uniform,ddrm,24.58849334716797,0.6616680026054382,,0,1.060679106041789,927876608,NVIDIA A100-SXM4-80GB,04f6bc337d002f7099ba94432023bbeaad8c2861bd8f825e34d32906087da432
face,celeba-hq:1104,0.1,variable_density,ddrm,27.081676483154297,0.7462828159332275,,0,1.2417682050727308,930564096,NVIDIA A100-SXM4-80GB,04f6bc337d002f7099ba94432023bbeaad8c2861bd8f825e34d32906087da432
face,celeba-hq:1104,0.25,adasense_matched,ddrm,35.87952423095703,0.9604548215866089,,1000,12.177818892989308,3943142400,NVIDIA A100-SXM4-80GB,88a123936ec0fcd514e77939319fe22a93d6cc9e7f826cf42d350cdcc95fb814
face,celeba-hq:1104,0.25,ads_matched,ddrm,34.17298889160156,0.9376041889190674,,80032,858.2377627771348,36316853760,NVIDIA A100-SXM4-80GB,88a123936ec0fcd514e77939319fe22a93d6cc9e7f826cf42d350cdcc95fb814
face,celeba-hq:1104,0.25,cm_spectral_once_k1,ddrm,32.7838249206543,0.9073614478111267,,1,2.8510444783605635,1297763328,NVIDIA A100-SXM4-80GB,88a123936ec0fcd514e77939319fe22a93d6cc9e7f826cf42d350cdcc95fb814
face,celeba-hq:1104,0.25,cm_spectral_repeat_k1,ddrm,33.06394577026367,0.9159248471260071,,5,9.467583735473454,1299664384,NVIDIA A100-SXM4-80GB,88a123936ec0fcd514e77939319fe22a93d6cc9e7f826cf42d350cdcc95fb814
face,celeba-hq:1104,0.25,cm_spectral_repeat_k10,ddrm,35.66752624511719,0.9559939503669739,,50,10.300682085100561,1302023680,NVIDIA A100-SXM4-80GB,88a123936ec0fcd514e77939319fe22a93d6cc9e7f826cf42d350cdcc95fb814
face,celeba-hq:1104,0.25,cm_spectral_repeat_k5,ddrm,35.633583068847656,0.956344485282898,,25,9.999959643930197,1302023680,NVIDIA A100-SXM4-80GB,88a123936ec0fcd514e77939319fe22a93d6cc9e7f826cf42d350cdcc95fb814
face,celeba-hq:1104,0.25,uniform,ddrm,29.907520294189453,0.8293116688728333,,0,1.3703265469521284,927876608,NVIDIA A100-SXM4-80GB,88a123936ec0fcd514e77939319fe22a93d6cc9e7f826cf42d350cdcc95fb814
face,celeba-hq:1104,0.25,variable_density,ddrm,32.14910125732422,0.8830428123474121,,0,1.3938330980017781,930564096,NVIDIA A100-SXM4-80GB,88a123936ec0fcd514e77939319fe22a93d6cc9e7f826cf42d350cdcc95fb814
face,celeba-hq:1121,0.05,adasense_matched,ddrm,27.702919006347656,0.8596307635307312,,1000,12.80919386819005,3943142400,NVIDIA A100 80GB PCIe,516702b38dd5f22272ec0c96f477aecec25bd8b892b5ead179be68221180fc32
face,celeba-hq:1121,0.05,ads_matched,ddrm,26.589553833007812,0.8589076399803162,,80032,934.3395381569862,36316853760,NVIDIA A100 80GB PCIe,516702b38dd5f22272ec0c96f477aecec25bd8b892b5ead179be68221180fc32
face,celeba-hq:1121,0.05,cm_spectral_once_k1,ddrm,27.37167739868164,0.8590992093086243,,1,2.416084637399763,1297763328,NVIDIA A100 80GB PCIe,516702b38dd5f22272ec0c96f477aecec25bd8b892b5ead179be68221180fc32
face,celeba-hq:1121,0.05,cm_spectral_repeat_k1,ddrm,27.080825805664062,0.8596605658531189,,5,8.817147876601666,1299664384,NVIDIA A100 80GB PCIe,516702b38dd5f22272ec0c96f477aecec25bd8b892b5ead179be68221180fc32
face,celeba-hq:1121,0.05,cm_spectral_repeat_k10,ddrm,27.39776611328125,0.8622247576713562,,50,9.692899319343269,1302023680,NVIDIA A100 80GB PCIe,516702b38dd5f22272ec0c96f477aecec25bd8b892b5ead179be68221180fc32
face,celeba-hq:1121,0.05,cm_spectral_repeat_k5,ddrm,27.422298431396484,0.8621364831924438,,25,9.081151474732906,1302023680,NVIDIA A100 80GB PCIe,516702b38dd5f22272ec0c96f477aecec25bd8b892b5ead179be68221180fc32
face,celeba-hq:1121,0.05,uniform,ddrm,21.84268569946289,0.6360180974006653,,0,0.8988954150117934,927876608,NVIDIA A100 80GB PCIe,516702b38dd5f22272ec0c96f477aecec25bd8b892b5ead179be68221180fc32
face,celeba-hq:1121,0.05,variable_density,ddrm,23.973716735839844,0.7078375220298767,,0,1.1059670601971447,930564096,NVIDIA A100 80GB PCIe,516702b38dd5f22272ec0c96f477aecec25bd8b892b5ead179be68221180fc32
face,celeba-hq:1121,0.1,adasense_matched,ddrm,30.877090454101562,0.9104012846946716,,1000,28.08492268016562,3943142400,NVIDIA A40,57d155d906b61dc6053f6107918f2bbed0ddd1e3f416a1b7b8f124d9b9f043cb
face,celeba-hq:1121,0.1,ads_matched,ddrm,29.61099624633789,0.8995875716209412,,80032,2136.7372778812423,36316853760,NVIDIA A40,57d155d906b61dc6053f6107918f2bbed0ddd1e3f416a1b7b8f124d9b9f043cb
face,celeba-hq:1121,0.1,cm_spectral_once_k1,ddrm,29.428749084472656,0.8825233578681946,,1,3.5882472191005945,1331321856,NVIDIA A40,57d155d906b61dc6053f6107918f2bbed0ddd1e3f416a1b7b8f124d9b9f043cb
face,celeba-hq:1121,0.1,cm_spectral_repeat_k1,ddrm,29.44080352783203,0.8883607983589172,,5,11.982640647795051,1333222912,NVIDIA A40,57d155d906b61dc6053f6107918f2bbed0ddd1e3f416a1b7b8f124d9b9f043cb
face,celeba-hq:1121,0.1,cm_spectral_repeat_k10,ddrm,30.474098205566406,0.9099336862564087,,50,13.467003898695111,1335582208,NVIDIA A40,57d155d906b61dc6053f6107918f2bbed0ddd1e3f416a1b7b8f124d9b9f043cb
face,celeba-hq:1121,0.1,cm_spectral_repeat_k5,ddrm,30.511089324951172,0.911534309387207,,25,12.512793035712093,1335582208,NVIDIA A40,57d155d906b61dc6053f6107918f2bbed0ddd1e3f416a1b7b8f124d9b9f043cb
face,celeba-hq:1121,0.1,uniform,ddrm,23.924583435058594,0.6929059028625488,,0,1.678586375899613,927876608,NVIDIA A40,57d155d906b61dc6053f6107918f2bbed0ddd1e3f416a1b7b8f124d9b9f043cb
face,celeba-hq:1121,0.1,variable_density,ddrm,27.06302261352539,0.7804129719734192,,0,2.009109277743846,930564096,NVIDIA A40,57d155d906b61dc6053f6107918f2bbed0ddd1e3f416a1b7b8f124d9b9f043cb
face,celeba-hq:1121,0.25,adasense_matched,ddrm,34.8368034362793,0.9592173099517822,,1000,12.1995530128479,3943142400,NVIDIA A100-SXM4-80GB,8999d787da9fd3e03d2b746ce73a466535c8ab97348bfdf0cb6b1e6ca993deac
face,celeba-hq:1121,0.25,ads_matched,ddrm,33.39836883544922,0.9402919411659241,,80032,861.2334281560034,36316853760,NVIDIA A100-SXM4-80GB,8999d787da9fd3e03d2b746ce73a466535c8ab97348bfdf0cb6b1e6ca993deac
face,celeba-hq:1121,0.25,cm_spectral_once_k1,ddrm,32.91212844848633,0.9214544892311096,,1,2.9557805587537587,1297763328,NVIDIA A100-SXM4-80GB,8999d787da9fd3e03d2b746ce73a466535c8ab97348bfdf0cb6b1e6ca993deac
face,celeba-hq:1121,0.25,cm_spectral_repeat_k1,ddrm,33.28921890258789,0.936903715133667,,5,9.737026825547218,1299664384,NVIDIA A100-SXM4-80GB,8999d787da9fd3e03d2b746ce73a466535c8ab97348bfdf0cb6b1e6ca993deac
face,celeba-hq:1121,0.25,cm_spectral_repeat_k10,ddrm,34.57817077636719,0.9587955474853516,,50,10.639357544947416,1302023680,NVIDIA A100-SXM4-80GB,8999d787da9fd3e03d2b746ce73a466535c8ab97348bfdf0cb6b1e6ca993deac
face,celeba-hq:1121,0.25,cm_spectral_repeat_k5,ddrm,34.488094329833984,0.9590281844139099,,25,10.289188219234347,1302023680,NVIDIA A100-SXM4-80GB,8999d787da9fd3e03d2b746ce73a466535c8ab97348bfdf0cb6b1e6ca993deac
face,celeba-hq:1121,0.25,uniform,ddrm,29.767913818359375,0.8290712833404541,,0,1.4246506518684328,927876608,NVIDIA A100-SXM4-80GB,8999d787da9fd3e03d2b746ce73a466535c8ab97348bfdf0cb6b1e6ca993deac
face,celeba-hq:1121,0.25,variable_density,ddrm,31.874618530273438,0.8784999251365662,,0,1.4402425438165665,930564096,NVIDIA A100-SXM4-80GB,8999d787da9fd3e03d2b746ce73a466535c8ab97348bfdf0cb6b1e6ca993deac
face,celeba-hq:1146,0.05,adasense_matched,ddrm,28.433544158935547,0.852982759475708,,1000,28.033723081927747,3943142400,NVIDIA A40,9f5852843d6964ab3fbb73b39b219b88a3f75a704b7f261e978ba8f3b7972eb0
face,celeba-hq:1146,0.05,ads_matched,ddrm,27.871376037597656,0.8557025790214539,,80032,2137.348304056097,36316853760,NVIDIA A40,9f5852843d6964ab3fbb73b39b219b88a3f75a704b7f261e978ba8f3b7972eb0
face,celeba-hq:1146,0.05,cm_spectral_once_k1,ddrm,28.072418212890625,0.8504312634468079,,1,3.5182421673089266,1331321856,NVIDIA A40,9f5852843d6964ab3fbb73b39b219b88a3f75a704b7f261e978ba8f3b7972eb0
face,celeba-hq:1146,0.05,cm_spectral_repeat_k1,ddrm,27.830947875976562,0.8478046655654907,,5,12.055212851148099,1333222912,NVIDIA A40,9f5852843d6964ab3fbb73b39b219b88a3f75a704b7f261e978ba8f3b7972eb0
face,celeba-hq:1146,0.05,cm_spectral_repeat_k10,ddrm,28.26419448852539,0.853593111038208,,50,13.498451809864491,1335582208,NVIDIA A40,9f5852843d6964ab3fbb73b39b219b88a3f75a704b7f261e978ba8f3b7972eb0
face,celeba-hq:1146,0.05,cm_spectral_repeat_k5,ddrm,28.169189453125,0.8527292013168335,,25,12.526044710539281,1335582208,NVIDIA A40,9f5852843d6964ab3fbb73b39b219b88a3f75a704b7f261e978ba8f3b7972eb0
face,celeba-hq:1146,0.05,uniform,ddrm,22.917991638183594,0.6828789710998535,,0,1.5441301693208516,927876608,NVIDIA A40,9f5852843d6964ab3fbb73b39b219b88a3f75a704b7f261e978ba8f3b7972eb0
face,celeba-hq:1146,0.05,variable_density,ddrm,25.185775756835938,0.7446771860122681,,0,1.8610566779971123,930564096,NVIDIA A40,9f5852843d6964ab3fbb73b39b219b88a3f75a704b7f261e978ba8f3b7972eb0
face,celeba-hq:1146,0.1,adasense_matched,ddrm,30.885547637939453,0.8996859192848206,,1000,12.823569117113948,3943142400,NVIDIA A100 80GB PCIe,15abdacd858bc824ea322dbc13fefecf7531536daaa559568f25f628bcc56cb6
face,celeba-hq:1146,0.1,ads_matched,ddrm,29.651809692382812,0.8947874307632446,,80032,934.0605993610807,36316853760,NVIDIA A100 80GB PCIe,15abdacd858bc824ea322dbc13fefecf7531536daaa559568f25f628bcc56cb6
face,celeba-hq:1146,0.1,cm_spectral_once_k1,ddrm,28.99541473388672,0.8626717329025269,,1,2.541739685460925,1297763328,NVIDIA A100 80GB PCIe,15abdacd858bc824ea322dbc13fefecf7531536daaa559568f25f628bcc56cb6
face,celeba-hq:1146,0.1,cm_spectral_repeat_k1,ddrm,29.621780395507812,0.8785613775253296,,5,9.082825559191406,1299664384,NVIDIA A100 80GB PCIe,15abdacd858bc824ea322dbc13fefecf7531536daaa559568f25f628bcc56cb6
face,celeba-hq:1146,0.1,cm_spectral_repeat_k10,ddrm,30.83177947998047,0.8983776569366455,,50,9.947104784660041,1302023680,NVIDIA A100 80GB PCIe,15abdacd858bc824ea322dbc13fefecf7531536daaa559568f25f628bcc56cb6
face,celeba-hq:1146,0.1,cm_spectral_repeat_k5,ddrm,30.655105590820312,0.89781653881073,,25,9.325565374922007,1302023680,NVIDIA A100 80GB PCIe,15abdacd858bc824ea322dbc13fefecf7531536daaa559568f25f628bcc56cb6
face,celeba-hq:1146,0.1,uniform,ddrm,25.39356231689453,0.7403767704963684,,0,1.0372908669523895,927876608,NVIDIA A100 80GB PCIe,15abdacd858bc824ea322dbc13fefecf7531536daaa559568f25f628bcc56cb6
face,celeba-hq:1146,0.1,variable_density,ddrm,27.924793243408203,0.8017539381980896,,0,1.1617922349832952,930564096,NVIDIA A100 80GB PCIe,15abdacd858bc824ea322dbc13fefecf7531536daaa559568f25f628bcc56cb6
face,celeba-hq:1146,0.25,adasense_matched,ddrm,35.25018310546875,0.9516239762306213,,1000,28.202607871964574,3943142400,NVIDIA A40,8c3ddcad8620a6bc3860344c4ae8de1064ed8461eec8e6b45b3ec5b35c28fae3
face,celeba-hq:1146,0.25,ads_matched,ddrm,33.10803985595703,0.9283536672592163,,80032,2137.220426828135,36316853760,NVIDIA A40,8c3ddcad8620a6bc3860344c4ae8de1064ed8461eec8e6b45b3ec5b35c28fae3
face,celeba-hq:1146,0.25,cm_spectral_once_k1,ddrm,32.52899932861328,0.8982779383659363,,1,3.8598584798164666,1331321856,NVIDIA A40,8c3ddcad8620a6bc3860344c4ae8de1064ed8461eec8e6b45b3ec5b35c28fae3
face,celeba-hq:1146,0.25,cm_spectral_repeat_k1,ddrm,33.2186279296875,0.9198357462882996,,5,11.947534816339612,1333222912,NVIDIA A40,8c3ddcad8620a6bc3860344c4ae8de1064ed8461eec8e6b45b3ec5b35c28fae3
face,celeba-hq:1146,0.25,cm_spectral_repeat_k10,ddrm,35.10005187988281,0.9475468993186951,,50,13.409726636018604,1335582208,NVIDIA A40,8c3ddcad8620a6bc3860344c4ae8de1064ed8461eec8e6b45b3ec5b35c28fae3
face,celeba-hq:1146,0.25,cm_spectral_repeat_k5,ddrm,35.07741928100586,0.9493973255157471,,25,12.723411025479436,1335582208,NVIDIA A40,8c3ddcad8620a6bc3860344c4ae8de1064ed8461eec8e6b45b3ec5b35c28fae3
face,celeba-hq:1146,0.25,uniform,ddrm,30.30548858642578,0.8428597450256348,,0,1.9910883288830519,927876608,NVIDIA A40,8c3ddcad8620a6bc3860344c4ae8de1064ed8461eec8e6b45b3ec5b35c28fae3
face,celeba-hq:1146,0.25,variable_density,ddrm,31.93600082397461,0.8754806518554688,,0,2.15231031505391,930564096,NVIDIA A40,8c3ddcad8620a6bc3860344c4ae8de1064ed8461eec8e6b45b3ec5b35c28fae3
face,celeba-hq:1208,0.05,adasense_matched,ddrm,34.56918716430664,0.9099624752998352,,1000,28.060454378835857,3943142400,NVIDIA A40,5bd0551930b81c5b33f5188c16bd165dfc9b116813d39440703a4d17b0bb0d68
face,celeba-hq:1208,0.05,ads_matched,ddrm,34.31019973754883,0.9042047262191772,,80032,2137.4411334018223,36316853760,NVIDIA A40,5bd0551930b81c5b33f5188c16bd165dfc9b116813d39440703a4d17b0bb0d68
face,celeba-hq:1208,0.05,cm_spectral_once_k1,ddrm,33.666805267333984,0.8897586464881897,,1,3.6085045393556356,1331321856,NVIDIA A40,5bd0551930b81c5b33f5188c16bd165dfc9b116813d39440703a4d17b0bb0d68
face,celeba-hq:1208,0.05,cm_spectral_repeat_k1,ddrm,33.892005920410156,0.8954452276229858,,5,12.273157456889749,1333222912,NVIDIA A40,5bd0551930b81c5b33f5188c16bd165dfc9b116813d39440703a4d17b0bb0d68
face,celeba-hq:1208,0.05,cm_spectral_repeat_k10,ddrm,34.19070816040039,0.9007276892662048,,50,13.7224874147214,1335582208,NVIDIA A40,5bd0551930b81c5b33f5188c16bd165dfc9b116813d39440703a4d17b0bb0d68
face,celeba-hq:1208,0.05,cm_spectral_repeat_k5,ddrm,34.08993911743164,0.8975026607513428,,25,12.75406731897965,1335582208,NVIDIA A40,5bd0551930b81c5b33f5188c16bd165dfc9b116813d39440703a4d17b0bb0d68
face,celeba-hq:1208,0.05,uniform,ddrm,28.185558319091797,0.7788423895835876,,0,1.5644835177809,927876608,NVIDIA A40,5bd0551930b81c5b33f5188c16bd165dfc9b116813d39440703a4d17b0bb0d68
face,celeba-hq:1208,0.05,variable_density,ddrm,30.656848907470703,0.8307568430900574,,0,1.9060080186463892,930564096,NVIDIA A40,5bd0551930b81c5b33f5188c16bd165dfc9b116813d39440703a4d17b0bb0d68
face,celeba-hq:1208,0.1,adasense_matched,ddrm,36.97964859008789,0.9428168535232544,,1000,28.007142348680645,3943142400,NVIDIA A40,59eeb355127bdb80e94f84239c27b1d976e8c4e4188b6d50d041244dbaa82a2a
face,celeba-hq:1208,0.1,ads_matched,ddrm,36.2302360534668,0.9314380288124084,,80032,2137.4205343220383,36316853760,NVIDIA A40,59eeb355127bdb80e94f84239c27b1d976e8c4e4188b6d50d041244dbaa82a2a
face,celeba-hq:1208,0.1,cm_spectral_once_k1,ddrm,35.26591873168945,0.9147608876228333,,1,3.5478534772992134,1331321856,NVIDIA A40,59eeb355127bdb80e94f84239c27b1d976e8c4e4188b6d50d041244dbaa82a2a
face,celeba-hq:1208,0.1,cm_spectral_repeat_k1,ddrm,35.365570068359375,0.9175744652748108,,5,11.982928689103574,1333222912,NVIDIA A40,59eeb355127bdb80e94f84239c27b1d976e8c4e4188b6d50d041244dbaa82a2a
face,celeba-hq:1208,0.1,cm_spectral_repeat_k10,ddrm,36.4997673034668,0.9343580007553101,,50,13.4794064424932,1335582208,NVIDIA A40,59eeb355127bdb80e94f84239c27b1d976e8c4e4188b6d50d041244dbaa82a2a
face,celeba-hq:1208,0.1,cm_spectral_repeat_k5,ddrm,36.50874328613281,0.9346298575401306,,25,12.51632885215804,1335582208,NVIDIA A40,59eeb355127bdb80e94f84239c27b1d976e8c4e4188b6d50d041244dbaa82a2a
face,celeba-hq:1208,0.1,uniform,ddrm,30.757843017578125,0.8321118950843811,,0,1.6135736559517682,927876608,NVIDIA A40,59eeb355127bdb80e94f84239c27b1d976e8c4e4188b6d50d041244dbaa82a2a
face,celeba-hq:1208,0.1,variable_density,ddrm,32.85569763183594,0.8707972168922424,,0,1.9235090208239853,930564096,NVIDIA A40,59eeb355127bdb80e94f84239c27b1d976e8c4e4188b6d50d041244dbaa82a2a
face,celeba-hq:1208,0.25,adasense_matched,ddrm,41.117679595947266,0.9766726493835449,,1000,28.20253738667816,3943142400,NVIDIA A40,ea4a28eafe73871ab06e033f22f2d8cdde7051ff9ad74ddb03d41b8c8669b1ac
face,celeba-hq:1208,0.25,ads_matched,ddrm,39.14970779418945,0.9605903029441833,,80032,2137.249203556683,36316853760,NVIDIA A40,ea4a28eafe73871ab06e033f22f2d8cdde7051ff9ad74ddb03d41b8c8669b1ac
face,celeba-hq:1208,0.25,cm_spectral_once_k1,ddrm,38.986846923828125,0.9572664499282837,,1,3.8926999191753566,1331321856,NVIDIA A40,ea4a28eafe73871ab06e033f22f2d8cdde7051ff9ad74ddb03d41b8c8669b1ac
face,celeba-hq:1208,0.25,cm_spectral_repeat_k1,ddrm,38.84929275512695,0.9578800797462463,,5,12.015229918062687,1333222912,NVIDIA A40,ea4a28eafe73871ab06e033f22f2d8cdde7051ff9ad74ddb03d41b8c8669b1ac
face,celeba-hq:1208,0.25,cm_spectral_repeat_k10,ddrm,40.7616081237793,0.9734340906143188,,50,13.493634732440114,1335582208,NVIDIA A40,ea4a28eafe73871ab06e033f22f2d8cdde7051ff9ad74ddb03d41b8c8669b1ac
face,celeba-hq:1208,0.25,cm_spectral_repeat_k5,ddrm,40.80044174194336,0.9736667275428772,,25,12.824845101684332,1335582208,NVIDIA A40,ea4a28eafe73871ab06e033f22f2d8cdde7051ff9ad74ddb03d41b8c8669b1ac
face,celeba-hq:1208,0.25,uniform,ddrm,34.61830139160156,0.8978980183601379,,0,1.988514956086874,927876608,NVIDIA A40,ea4a28eafe73871ab06e033f22f2d8cdde7051ff9ad74ddb03d41b8c8669b1ac
face,celeba-hq:1208,0.25,variable_density,ddrm,36.44646072387695,0.9250391125679016,,0,2.1426037112250924,930564096,NVIDIA A40,ea4a28eafe73871ab06e033f22f2d8cdde7051ff9ad74ddb03d41b8c8669b1ac
face,celeba-hq:1227,0.05,adasense_matched,ddrm,33.07850646972656,0.8873083591461182,,1000,12.262362862937152,3943142400,NVIDIA A100-SXM4-80GB,aa46908c72187a4b06757e70722689d7e8128a071caf281efaa420eced7f5e7b
face,celeba-hq:1227,0.05,ads_matched,ddrm,32.65116500854492,0.8806739449501038,,80032,861.5664839018136,36316853760,NVIDIA A100-SXM4-80GB,aa46908c72187a4b06757e70722689d7e8128a071caf281efaa420eced7f5e7b
face,celeba-hq:1227,0.05,cm_spectral_once_k1,ddrm,32.68452453613281,0.8821754455566406,,1,2.555131428409368,1297763328,NVIDIA A100-SXM4-80GB,aa46908c72187a4b06757e70722689d7e8128a071caf281efaa420eced7f5e7b
face,celeba-hq:1227,0.05,cm_spectral_repeat_k1,ddrm,32.58926010131836,0.8815978169441223,,5,9.258467194158584,1299664384,NVIDIA A100-SXM4-80GB,aa46908c72187a4b06757e70722689d7e8128a071caf281efaa420eced7f5e7b
face,celeba-hq:1227,0.05,cm_spectral_repeat_k10,ddrm,32.80883026123047,0.8850431442260742,,50,10.072345631197095,1302023680,NVIDIA A100-SXM4-80GB,aa46908c72187a4b06757e70722689d7e8128a071caf281efaa420eced7f5e7b
face,celeba-hq:1227,0.05,cm_spectral_repeat_k5,ddrm,32.792476654052734,0.8854503631591797,,25,9.64941803412512,1302023680,NVIDIA A100-SXM4-80GB,aa46908c72187a4b06757e70722689d7e8128a071caf281efaa420eced7f5e7b
face,celeba-hq:1227,0.05,uniform,ddrm,30.050861358642578,0.8230987787246704,,0,0.9337911433540285,927876608,NVIDIA A100-SXM4-80GB,aa46908c72187a4b06757e70722689d7e8128a071caf281efaa420eced7f5e7b
face,celeba-hq:1227,0.05,variable_density,ddrm,30.77039337158203,0.8338747620582581,,0,1.139234204776585,930564096,NVIDIA A100-SXM4-80GB,aa46908c72187a4b06757e70722689d7e8128a071caf281efaa420eced7f5e7b
face,celeba-hq:1227,0.1,adasense_matched,ddrm,34.63431930541992,0.9104142785072327,,1000,11.996260813903064,3943142400,NVIDIA A100-SXM4-80GB,d89e28db20aac85e8da9def22e3eda6d09410a211e4c59c5ae1bf9d153092ee8
face,celeba-hq:1227,0.1,ads_matched,ddrm,33.65048599243164,0.8926838636398315,,80032,859.9215865288861,36316853760,NVIDIA A100-SXM4-80GB,d89e28db20aac85e8da9def22e3eda6d09410a211e4c59c5ae1bf9d153092ee8
face,celeba-hq:1227,0.1,cm_spectral_once_k1,ddrm,33.84496307373047,0.8931885361671448,,1,2.6874028919264674,1297763328,NVIDIA A100-SXM4-80GB,d89e28db20aac85e8da9def22e3eda6d09410a211e4c59c5ae1bf9d153092ee8
face,celeba-hq:1227,0.1,cm_spectral_repeat_k1,ddrm,33.86642837524414,0.8992624878883362,,5,9.818706445861608,1299664384,NVIDIA A100-SXM4-80GB,d89e28db20aac85e8da9def22e3eda6d09410a211e4c59c5ae1bf9d153092ee8
face,celeba-hq:1227,0.1,cm_spectral_repeat_k10,ddrm,34.407249450683594,0.9089782238006592,,50,10.7466124095954,1302023680,NVIDIA A100-SXM4-80GB,d89e28db20aac85e8da9def22e3eda6d09410a211e4c59c5ae1bf9d153092ee8
face,celeba-hq:1227,0.1,cm_spectral_repeat_k5,ddrm,34.32575225830078,0.9083963632583618,,25,10.061656649690121,1302023680,NVIDIA A100-SXM4-80GB,d89e28db20aac85e8da9def22e3eda6d09410a211e4c59c5ae1bf9d153092ee8
face,celeba-hq:1227,0.1,uniform,ddrm,31.314563751220703,0.8364397883415222,,0,1.0380045608617365,927876608,NVIDIA A100-SXM4-80GB,d89e28db20aac85e8da9def22e3eda6d09410a211e4c59c5ae1bf9d153092ee8
face,celeba-hq:1227,0.1,variable_density,ddrm,32.62236404418945,0.8589287996292114,,0,1.2663094280287623,930564096,NVIDIA A100-SXM4-80GB,d89e28db20aac85e8da9def22e3eda6d09410a211e4c59c5ae1bf9d153092ee8
face,celeba-hq:1227,0.25,adasense_matched,ddrm,37.30045700073242,0.9439888000488281,,1000,13.147784755099565,3943142400,NVIDIA A100 80GB PCIe,d281228c27bb4aa0126789bc638b4768a35abd0188d6f7eddd715420c011d980
face,celeba-hq:1227,0.25,ads_matched,ddrm,36.09197998046875,0.9201957583427429,,80032,933.4621263728477,36316853760,NVIDIA A100 80GB PCIe,d281228c27bb4aa0126789bc638b4768a35abd0188d6f7eddd715420c011d980
face,celeba-hq:1227,0.25,cm_spectral_once_k1,ddrm,35.3670654296875,0.9046820998191833,,1,2.9496962362900376,1297763328,NVIDIA A100 80GB PCIe,d281228c27bb4aa0126789bc638b4768a35abd0188d6f7eddd715420c011d980
face,celeba-hq:1227,0.25,cm_spectral_repeat_k1,ddrm,35.8939208984375,0.9210024476051331,,5,9.351599945686758,1299664384,NVIDIA A100 80GB PCIe,d281228c27bb4aa0126789bc638b4768a35abd0188d6f7eddd715420c011d980
face,celeba-hq:1227,0.25,cm_spectral_repeat_k10,ddrm,36.84996032714844,0.9439791440963745,,50,10.348654891829938,1302023680,NVIDIA A100 80GB PCIe,d281228c27bb4aa0126789bc638b4768a35abd0188d6f7eddd715420c011d980
face,celeba-hq:1227,0.25,cm_spectral_repeat_k5,ddrm,36.78558349609375,0.9431777000427246,,25,9.855966256465763,1302023680,NVIDIA A100 80GB PCIe,d281228c27bb4aa0126789bc638b4768a35abd0188d6f7eddd715420c011d980
face,celeba-hq:1227,0.25,uniform,ddrm,34.41049575805664,0.8820064663887024,,0,1.3563950238749385,927876608,NVIDIA A100 80GB PCIe,d281228c27bb4aa0126789bc638b4768a35abd0188d6f7eddd715420c011d980
face,celeba-hq:1227,0.25,variable_density,ddrm,35.72528076171875,0.9050979018211365,,0,1.4197347699664533,930564096,NVIDIA A100 80GB PCIe,d281228c27bb4aa0126789bc638b4768a35abd0188d6f7eddd715420c011d980
face,celeba-hq:1257,0.05,adasense_matched,ddrm,30.716548919677734,0.8487884402275085,,1000,28.187582354992628,3943142400,NVIDIA A40,487f2d8f056b026085588b3350d3e3e4768c6ee8a9c02003ef58fe7b1368f342
face,celeba-hq:1257,0.05,ads_matched,ddrm,30.47589111328125,0.8429012298583984,,80032,2137.669962342363,36316853760,NVIDIA A40,487f2d8f056b026085588b3350d3e3e4768c6ee8a9c02003ef58fe7b1368f342
face,celeba-hq:1257,0.05,cm_spectral_once_k1,ddrm,30.01251983642578,0.8257976174354553,,1,3.5478416099213064,1331321856,NVIDIA A40,487f2d8f056b026085588b3350d3e3e4768c6ee8a9c02003ef58fe7b1368f342
face,celeba-hq:1257,0.05,cm_spectral_repeat_k1,ddrm,30.219253540039062,0.8331940770149231,,5,11.897414206527174,1333222912,NVIDIA A40,487f2d8f056b026085588b3350d3e3e4768c6ee8a9c02003ef58fe7b1368f342
face,celeba-hq:1257,0.05,cm_spectral_repeat_k10,ddrm,30.64346694946289,0.8471600413322449,,50,13.232793155591935,1335582208,NVIDIA A40,487f2d8f056b026085588b3350d3e3e4768c6ee8a9c02003ef58fe7b1368f342
face,celeba-hq:1257,0.05,cm_spectral_repeat_k5,ddrm,30.645732879638672,0.846487820148468,,25,12.536221966147423,1335582208,NVIDIA A40,487f2d8f056b026085588b3350d3e3e4768c6ee8a9c02003ef58fe7b1368f342
face,celeba-hq:1257,0.05,uniform,ddrm,24.47610855102539,0.6532741785049438,,0,1.5494926772080362,927876608,NVIDIA A40,487f2d8f056b026085588b3350d3e3e4768c6ee8a9c02003ef58fe7b1368f342
face,celeba-hq:1257,0.05,variable_density,ddrm,26.759746551513672,0.7325960397720337,,0,1.8816528427414596,930564096,NVIDIA A40,487f2d8f056b026085588b3350d3e3e4768c6ee8a9c02003ef58fe7b1368f342
face,celeba-hq:1257,0.1,adasense_matched,ddrm,32.171630859375,0.8909692168235779,,1000,12.071235234849155,3943142400,NVIDIA A100-SXM4-80GB,9f39b14189c55f17f1111a43aeb87d0efb01017c38599a3c76611c6f26bb51c3
face,celeba-hq:1257,0.1,ads_matched,ddrm,31.733776092529297,0.879828691482544,,80032,860.2552479780279,36316853760,NVIDIA A100-SXM4-80GB,9f39b14189c55f17f1111a43aeb87d0efb01017c38599a3c76611c6f26bb51c3
face,celeba-hq:1257,0.1,cm_spectral_once_k1,ddrm,30.87912368774414,0.8452724814414978,,1,2.7219913392327726,1297763328,NVIDIA A100-SXM4-80GB,9f39b14189c55f17f1111a43aeb87d0efb01017c38599a3c76611c6f26bb51c3
face,celeba-hq:1257,0.1,cm_spectral_repeat_k1,ddrm,31.68000030517578,0.876662015914917,,5,9.913065865635872,1299664384,NVIDIA A100-SXM4-80GB,9f39b14189c55f17f1111a43aeb87d0efb01017c38599a3c76611c6f26bb51c3
face,celeba-hq:1257,0.1,cm_spectral_repeat_k10,ddrm,32.08785629272461,0.8893702626228333,,50,10.790827269665897,1302023680,NVIDIA A100-SXM4-80GB,9f39b14189c55f17f1111a43aeb87d0efb01017c38599a3c76611c6f26bb51c3
face,celeba-hq:1257,0.1,cm_spectral_repeat_k5,ddrm,32.155418395996094,0.8900372385978699,,25,10.15283623477444,1302023680,NVIDIA A100-SXM4-80GB,9f39b14189c55f17f1111a43aeb87d0efb01017c38599a3c76611c6f26bb51c3
face,celeba-hq:1257,0.1,uniform,ddrm,27.797462463378906,0.7566314339637756,,0,1.0408244850113988,927876608,NVIDIA A100-SXM4-80GB,9f39b14189c55f17f1111a43aeb87d0efb01017c38599a3c76611c6f26bb51c3
face,celeba-hq:1257,0.1,variable_density,ddrm,29.789867401123047,0.8069040179252625,,0,1.2244850136339664,930564096,NVIDIA A100-SXM4-80GB,9f39b14189c55f17f1111a43aeb87d0efb01017c38599a3c76611c6f26bb51c3
face,celeba-hq:1257,0.25,adasense_matched,ddrm,35.38658142089844,0.9432676434516907,,1000,13.204490067902952,3943142400,NVIDIA A100 80GB PCIe,a904a57ec50f3da27880c3372b2bb4824c3e35f570dff53084328635a730dc30
face,celeba-hq:1257,0.25,ads_matched,ddrm,34.262882232666016,0.9201534390449524,,80032,934.2007076726295,36316853760,NVIDIA A100 80GB PCIe,a904a57ec50f3da27880c3372b2bb4824c3e35f570dff53084328635a730dc30
face,celeba-hq:1257,0.25,cm_spectral_once_k1,ddrm,33.5814094543457,0.8992002010345459,,1,2.7958137919194996,1297763328,NVIDIA A100 80GB PCIe,a904a57ec50f3da27880c3372b2bb4824c3e35f570dff53084328635a730dc30
face,celeba-hq:1257,0.25,cm_spectral_repeat_k1,ddrm,34.154300689697266,0.9165027737617493,,5,9.216461941599846,1299664384,NVIDIA A100 80GB PCIe,a904a57ec50f3da27880c3372b2bb4824c3e35f570dff53084328635a730dc30
face,celeba-hq:1257,0.25,cm_spectral_repeat_k10,ddrm,35.28276443481445,0.9403200149536133,,50,10.193186474964023,1302023680,NVIDIA A100 80GB PCIe,a904a57ec50f3da27880c3372b2bb4824c3e35f570dff53084328635a730dc30
face,celeba-hq:1257,0.25,cm_spectral_repeat_k5,ddrm,35.2066650390625,0.9405835270881653,,25,9.756770291831344,1302023680,NVIDIA A100 80GB PCIe,a904a57ec50f3da27880c3372b2bb4824c3e35f570dff53084328635a730dc30
face,celeba-hq:1257,0.25,uniform,ddrm,31.57413101196289,0.8442029356956482,,0,1.3444296228699386,927876608,NVIDIA A100 80GB PCIe,a904a57ec50f3da27880c3372b2bb4824c3e35f570dff53084328635a730dc30
face,celeba-hq:1257,0.25,variable_density,ddrm,33.164878845214844,0.8829188346862793,,0,1.4009182401932776,930564096,NVIDIA A100 80GB PCIe,a904a57ec50f3da27880c3372b2bb4824c3e35f570dff53084328635a730dc30
face,celeba-hq:1282,0.05,adasense_matched,ddrm,31.44336700439453,0.8652205467224121,,1000,11.949189648032188,3943142400,NVIDIA A100-SXM4-80GB,c8c313af411124a883f6c0bf64b9f5b6364b3c1b47f9941a1f256d0d058e9961
face,celeba-hq:1282,0.05,ads_matched,ddrm,30.676124572753906,0.8491368293762207,,80032,858.6232198998332,36316853760,NVIDIA A100-SXM4-80GB,c8c313af411124a883f6c0bf64b9f5b6364b3c1b47f9941a1f256d0d058e9961
face,celeba-hq:1282,0.05,cm_spectral_once_k1,ddrm,30.960594177246094,0.8531804084777832,,1,2.666768910828978,1297763328,NVIDIA A100-SXM4-80GB,c8c313af411124a883f6c0bf64b9f5b6364b3c1b47f9941a1f256d0d058e9961
face,celeba-hq:1282,0.05,cm_spectral_repeat_k1,ddrm,31.041458129882812,0.8587895631790161,,5,9.630545574706048,1299664384,NVIDIA A100-SXM4-80GB,c8c313af411124a883f6c0bf64b9f5b6364b3c1b47f9941a1f256d0d058e9961
face,celeba-hq:1282,0.05,cm_spectral_repeat_k10,ddrm,31.275222778320312,0.8640395402908325,,50,10.531414363533258,1302023680,NVIDIA A100-SXM4-80GB,c8c313af411124a883f6c0bf64b9f5b6364b3c1b47f9941a1f256d0d058e9961
face,celeba-hq:1282,0.05,cm_spectral_repeat_k5,ddrm,31.243751525878906,0.8636537790298462,,25,9.937360279727727,1302023680,NVIDIA A100-SXM4-80GB,c8c313af411124a883f6c0bf64b9f5b6364b3c1b47f9941a1f256d0d058e9961
face,celeba-hq:1282,0.05,uniform,ddrm,27.26046371459961,0.7449283003807068,,0,0.935804340057075,927876608,NVIDIA A100-SXM4-80GB,c8c313af411124a883f6c0bf64b9f5b6364b3c1b47f9941a1f256d0d058e9961
face,celeba-hq:1282,0.05,variable_density,ddrm,28.710968017578125,0.7758608460426331,,0,1.1469443589448929,930564096,NVIDIA A100-SXM4-80GB,c8c313af411124a883f6c0bf64b9f5b6364b3c1b47f9941a1f256d0d058e9961
face,celeba-hq:1282,0.1,adasense_matched,ddrm,33.55133819580078,0.9087610244750977,,1000,12.837228196673095,3943142400,NVIDIA A100 80GB PCIe,b0362a10b30d2ea8e352390be36582ee269af510df3a916725915f5062d47943
face,celeba-hq:1282,0.1,ads_matched,ddrm,32.31941223144531,0.8821444511413574,,80032,933.455696976278,36316853760,NVIDIA A100 80GB PCIe,b0362a10b30d2ea8e352390be36582ee269af510df3a916725915f5062d47943
face,celeba-hq:1282,0.1,cm_spectral_once_k1,ddrm,32.27106857299805,0.8775608539581299,,1,2.4781459979712963,1297763328,NVIDIA A100 80GB PCIe,b0362a10b30d2ea8e352390be36582ee269af510df3a916725915f5062d47943
face,celeba-hq:1282,0.1,cm_spectral_repeat_k1,ddrm,32.27732467651367,0.8822065591812134,,5,9.04060380347073,1299664384,NVIDIA A100 80GB PCIe,b0362a10b30d2ea8e352390be36582ee269af510df3a916725915f5062d47943
face,celeba-hq:1282,0.1,cm_spectral_repeat_k10,ddrm,33.43102264404297,0.906563401222229,,50,9.94982908340171,1302023680,NVIDIA A100 80GB PCIe,b0362a10b30d2ea8e352390be36582ee269af510df3a916725915f5062d47943
face,celeba-hq:1282,0.1,cm_spectral_repeat_k5,ddrm,33.35813522338867,0.9054334163665771,,25,9.315777054522187,1302023680,NVIDIA A100 80GB PCIe,b0362a10b30d2ea8e352390be36582ee269af510df3a916725915f5062d47943
face,celeba-hq:1282,0.1,uniform,ddrm,29.143539428710938,0.7800108790397644,,0,1.008532433770597,927876608,NVIDIA A100 80GB PCIe,b0362a10b30d2ea8e352390be36582ee269af510df3a916725915f5062d47943
face,celeba-hq:1282,0.1,variable_density,ddrm,30.73296356201172,0.8207497000694275,,0,1.2242389651946723,930564096,NVIDIA A100 80GB PCIe,b0362a10b30d2ea8e352390be36582ee269af510df3a916725915f5062d47943
face,celeba-hq:1282,0.25,adasense_matched,ddrm,37.41078567504883,0.956666886806488,,1000,12.195070400834084,3943142400,NVIDIA A100-SXM4-80GB,579472c7700e9beb48a59ba7648b0ff845b8c3e02a79190f060d44ed154f584e
face,celeba-hq:1282,0.25,ads_matched,ddrm,35.410831451416016,0.9249810576438904,,80032,860.7357194540091,36316853760,NVIDIA A100-SXM4-80GB,579472c7700e9beb48a59ba7648b0ff845b8c3e02a79190f060d44ed154f584e
face,celeba-hq:1282,0.25,cm_spectral_once_k1,ddrm,34.66923141479492,0.9088076949119568,,1,2.9794793487526476,1297763328,NVIDIA A100-SXM4-80GB,579472c7700e9beb48a59ba7648b0ff845b8c3e02a79190f060d44ed154f584e
face,celeba-hq:1282,0.25,cm_spectral_repeat_k1,ddrm,34.68143081665039,0.91416335105896,,5,10.00735450675711,1299664384,NVIDIA A100-SXM4-80GB,579472c7700e9beb48a59ba7648b0ff845b8c3e02a79190f060d44ed154f584e
face,celeba-hq:1282,0.25,cm_spectral_repeat_k10,ddrm,37.249839782714844,0.9547132253646851,,50,10.945081320591271,1302023680,NVIDIA A100-SXM4-80GB,579472c7700e9beb48a59ba7648b0ff845b8c3e02a79190f060d44ed154f584e
face,celeba-hq:1282,0.25,cm_spectral_repeat_k5,ddrm,37.31598663330078,0.9553709626197815,,25,10.518888089805841,1302023680,NVIDIA A100-SXM4-80GB,579472c7700e9beb48a59ba7648b0ff845b8c3e02a79190f060d44ed154f584e
face,celeba-hq:1282,0.25,uniform,ddrm,32.66120529174805,0.8580790758132935,,0,1.4119070400483906,927876608,NVIDIA A100-SXM4-80GB,579472c7700e9beb48a59ba7648b0ff845b8c3e02a79190f060d44ed154f584e
face,celeba-hq:1282,0.25,variable_density,ddrm,34.32652282714844,0.892632782459259,,0,1.5153384190052748,930564096,NVIDIA A100-SXM4-80GB,579472c7700e9beb48a59ba7648b0ff845b8c3e02a79190f060d44ed154f584e
face,celeba-hq:1283,0.05,adasense_matched,ddrm,30.846363067626953,0.8595722317695618,,1000,28.10862974077463,3943142400,NVIDIA A40,b67f0bba60267f3a4b1c916b889cfa9f344c56a069b26137f5f78662d8d24839
face,celeba-hq:1283,0.05,ads_matched,ddrm,30.042964935302734,0.8363006711006165,,80032,2136.8344249390066,36316853760,NVIDIA A40,b67f0bba60267f3a4b1c916b889cfa9f344c56a069b26137f5f78662d8d24839
face,celeba-hq:1283,0.05,cm_spectral_once_k1,ddrm,29.721179962158203,0.819669246673584,,1,3.4626284767873585,1331321856,NVIDIA A40,b67f0bba60267f3a4b1c916b889cfa9f344c56a069b26137f5f78662d8d24839
face,celeba-hq:1283,0.05,cm_spectral_repeat_k1,ddrm,29.417564392089844,0.8108299970626831,,5,11.810389566700906,1333222912,NVIDIA A40,b67f0bba60267f3a4b1c916b889cfa9f344c56a069b26137f5f78662d8d24839
face,celeba-hq:1283,0.05,cm_spectral_repeat_k10,ddrm,29.982009887695312,0.8290922045707703,,50,13.064945652149618,1335582208,NVIDIA A40,b67f0bba60267f3a4b1c916b889cfa9f344c56a069b26137f5f78662d8d24839
face,celeba-hq:1283,0.05,cm_spectral_repeat_k5,ddrm,29.831462860107422,0.823307991027832,,25,12.39527505589649,1335582208,NVIDIA A40,b67f0bba60267f3a4b1c916b889cfa9f344c56a069b26137f5f78662d8d24839
face,celeba-hq:1283,0.05,uniform,ddrm,24.179737091064453,0.6371660232543945,,0,1.5267531080171466,927876608,NVIDIA A40,b67f0bba60267f3a4b1c916b889cfa9f344c56a069b26137f5f78662d8d24839
face,celeba-hq:1283,0.05,variable_density,ddrm,27.326705932617188,0.7435978651046753,,0,1.8396376678720117,930564096,NVIDIA A40,b67f0bba60267f3a4b1c916b889cfa9f344c56a069b26137f5f78662d8d24839
face,celeba-hq:1283,0.1,adasense_matched,ddrm,32.878414154052734,0.9084036946296692,,1000,28.064979267772287,3943142400,NVIDIA A40,399dea5f3f52bdfe69357e1a75000c3383d6f47eb6e2ffe579283af3a1cdb8a2
face,celeba-hq:1283,0.1,ads_matched,ddrm,31.821788787841797,0.883579671382904,,80032,2136.524760785047,36316853760,NVIDIA A40,399dea5f3f52bdfe69357e1a75000c3383d6f47eb6e2ffe579283af3a1cdb8a2
face,celeba-hq:1283,0.1,cm_spectral_once_k1,ddrm,31.49551010131836,0.8697282075881958,,1,3.6055323840118945,1331321856,NVIDIA A40,399dea5f3f52bdfe69357e1a75000c3383d6f47eb6e2ffe579283af3a1cdb8a2
face,celeba-hq:1283,0.1,cm_spectral_repeat_k1,ddrm,31.662120819091797,0.8775029182434082,,5,12.138156984001398,1333222912,NVIDIA A40,399dea5f3f52bdfe69357e1a75000c3383d6f47eb6e2ffe579283af3a1cdb8a2
face,celeba-hq:1283,0.1,cm_spectral_repeat_k10,ddrm,32.23942184448242,0.8917310237884521,,50,13.566691735759377,1335582208,NVIDIA A40,399dea5f3f52bdfe69357e1a75000c3383d6f47eb6e2ffe579283af3a1cdb8a2
face,celeba-hq:1283,0.1,cm_spectral_repeat_k5,ddrm,32.171913146972656,0.8902074098587036,,25,12.640750864520669,1335582208,NVIDIA A40,399dea5f3f52bdfe69357e1a75000c3383d6f47eb6e2ffe579283af3a1cdb8a2
face,celeba-hq:1283,0.1,uniform,ddrm,27.50357437133789,0.7547320127487183,,0,1.692743563093245,927876608,NVIDIA A40,399dea5f3f52bdfe69357e1a75000c3383d6f47eb6e2ffe579283af3a1cdb8a2
face,celeba-hq:1283,0.1,variable_density,ddrm,29.567047119140625,0.8114778399467468,,0,2.0049061132594943,930564096,NVIDIA A40,399dea5f3f52bdfe69357e1a75000c3383d6f47eb6e2ffe579283af3a1cdb8a2
face,celeba-hq:1283,0.25,adasense_matched,ddrm,36.60034942626953,0.9587037563323975,,1000,28.215159016195685,3943142400,NVIDIA A40,0a483dd097f608f5b7209892606feea4c20bb6765ab7515f374171f4f9f19973
face,celeba-hq:1283,0.25,ads_matched,ddrm,35.0362663269043,0.9353586435317993,,80032,2136.400227501057,36316853760,NVIDIA A40,0a483dd097f608f5b7209892606feea4c20bb6765ab7515f374171f4f9f19973
face,celeba-hq:1283,0.25,cm_spectral_once_k1,ddrm,34.363311767578125,0.9228132367134094,,1,3.8276524720713496,1331321856,NVIDIA A40,0a483dd097f608f5b7209892606feea4c20bb6765ab7515f374171f4f9f19973
face,celeba-hq:1283,0.25,cm_spectral_repeat_k1,ddrm,34.612789154052734,0.9305235147476196,,5,11.782213961239904,1333222912,NVIDIA A40,0a483dd097f608f5b7209892606feea4c20bb6765ab7515f374171f4f9f19973
face,celeba-hq:1283,0.25,cm_spectral_repeat_k10,ddrm,36.19453048706055,0.9528996348381042,,50,13.28830692730844,1335582208,NVIDIA A40,0a483dd097f608f5b7209892606feea4c20bb6765ab7515f374171f4f9f19973
face,celeba-hq:1283,0.25,cm_spectral_repeat_k5,ddrm,36.1299934387207,0.9522692561149597,,25,12.596810189075768,1335582208,NVIDIA A40,0a483dd097f608f5b7209892606feea4c20bb6765ab7515f374171f4f9f19973
face,celeba-hq:1283,0.25,uniform,ddrm,31.493480682373047,0.8594350814819336,,0,2.0235580587759614,927876608,NVIDIA A40,0a483dd097f608f5b7209892606feea4c20bb6765ab7515f374171f4f9f19973
face,celeba-hq:1283,0.25,variable_density,ddrm,33.181434631347656,0.8964749574661255,,0,2.157181337941438,930564096,NVIDIA A40,0a483dd097f608f5b7209892606feea4c20bb6765ab7515f374171f4f9f19973
face,celeba-hq:1394,0.05,adasense_matched,ddrm,32.10166931152344,0.8835285305976868,,1000,12.95352671481669,3943142400,NVIDIA A100 80GB PCIe,35d82b18cf60c5b5c2a15cc1f5d9f8f9c3ed1d52784437f89ed317b60c4fc402
face,celeba-hq:1394,0.05,ads_matched,ddrm,32.03258514404297,0.8858523964881897,,80032,933.1799099189229,36316853760,NVIDIA A100 80GB PCIe,35d82b18cf60c5b5c2a15cc1f5d9f8f9c3ed1d52784437f89ed317b60c4fc402
face,celeba-hq:1394,0.05,cm_spectral_once_k1,ddrm,31.713851928710938,0.8750684857368469,,1,2.4820577022619545,1297763328,NVIDIA A100 80GB PCIe,35d82b18cf60c5b5c2a15cc1f5d9f8f9c3ed1d52784437f89ed317b60c4fc402
face,celeba-hq:1394,0.05,cm_spectral_repeat_k1,ddrm,31.695114135742188,0.8767685294151306,,5,9.071523183491081,1299664384,NVIDIA A100 80GB PCIe,35d82b18cf60c5b5c2a15cc1f5d9f8f9c3ed1d52784437f89ed317b60c4fc402
face,celeba-hq:1394,0.05,cm_spectral_repeat_k10,ddrm,31.945106506347656,0.8786339163780212,,50,9.83751554787159,1302023680,NVIDIA A100 80GB PCIe,35d82b18cf60c5b5c2a15cc1f5d9f8f9c3ed1d52784437f89ed317b60c4fc402
face,celeba-hq:1394,0.05,cm_spectral_repeat_k5,ddrm,31.963481903076172,0.880084216594696,,25,9.487303045578301,1302023680,NVIDIA A100 80GB PCIe,35d82b18cf60c5b5c2a15cc1f5d9f8f9c3ed1d52784437f89ed317b60c4fc402
face,celeba-hq:1394,0.05,uniform,ddrm,25.08100128173828,0.7223237752914429,,0,0.9503411049954593,927876608,NVIDIA A100 80GB PCIe,35d82b18cf60c5b5c2a15cc1f5d9f8f9c3ed1d52784437f89ed317b60c4fc402
face,celeba-hq:1394,0.05,variable_density,ddrm,28.543426513671875,0.8031606078147888,,0,1.1526033352129161,930564096,NVIDIA A100 80GB PCIe,35d82b18cf60c5b5c2a15cc1f5d9f8f9c3ed1d52784437f89ed317b60c4fc402
face,celeba-hq:1394,0.1,adasense_matched,ddrm,34.00933074951172,0.9194257259368896,,1000,12.836547907907516,3943142400,NVIDIA A100 80GB PCIe,0f99fc31158e059050660b109cdb6e1232a231a13c507df57162b4576c872b34
face,celeba-hq:1394,0.1,ads_matched,ddrm,33.88490676879883,0.9196971654891968,,80032,933.7298920140602,36316853760,NVIDIA A100 80GB PCIe,0f99fc31158e059050660b109cdb6e1232a231a13c507df57162b4576c872b34
face,celeba-hq:1394,0.1,cm_spectral_once_k1,ddrm,32.77967071533203,0.8900056481361389,,1,2.500375277828425,1297763328,NVIDIA A100 80GB PCIe,0f99fc31158e059050660b109cdb6e1232a231a13c507df57162b4576c872b34
face,celeba-hq:1394,0.1,cm_spectral_repeat_k1,ddrm,33.48434066772461,0.9095927476882935,,5,9.204497975297272,1299664384,NVIDIA A100 80GB PCIe,0f99fc31158e059050660b109cdb6e1232a231a13c507df57162b4576c872b34
face,celeba-hq:1394,0.1,cm_spectral_repeat_k10,ddrm,33.821258544921875,0.9143611192703247,,50,10.079917637165636,1302023680,NVIDIA A100 80GB PCIe,0f99fc31158e059050660b109cdb6e1232a231a13c507df57162b4576c872b34
face,celeba-hq:1394,0.1,cm_spectral_repeat_k5,ddrm,33.796573638916016,0.9149052500724792,,25,9.458562479354441,1302023680,NVIDIA A100 80GB PCIe,0f99fc31158e059050660b109cdb6e1232a231a13c507df57162b4576c872b34
face,celeba-hq:1394,0.1,uniform,ddrm,29.266765594482422,0.8105483651161194,,0,1.0372926080599427,927876608,NVIDIA A100 80GB PCIe,0f99fc31158e059050660b109cdb6e1232a231a13c507df57162b4576c872b34
face,celeba-hq:1394,0.1,variable_density,ddrm,31.26382064819336,0.847800076007843,,0,1.214962658006698,930564096,NVIDIA A100 80GB PCIe,0f99fc31158e059050660b109cdb6e1232a231a13c507df57162b4576c872b34
face,celeba-hq:1394,0.25,adasense_matched,ddrm,37.59849166870117,0.9597591757774353,,1000,12.387489905115217,3943142400,NVIDIA A100-SXM4-80GB,7a18ba1c51477890bfa7f6ef868e31c2e0fb93213d4f4a1e17098243ed17e272
face,celeba-hq:1394,0.25,ads_matched,ddrm,36.75396728515625,0.947693407535553,,80032,860.785564342048,36316853760,NVIDIA A100-SXM4-80GB,7a18ba1c51477890bfa7f6ef868e31c2e0fb93213d4f4a1e17098243ed17e272
face,celeba-hq:1394,0.25,cm_spectral_once_k1,ddrm,35.395172119140625,0.9238734841346741,,1,2.9923354513011873,1297763328,NVIDIA A100-SXM4-80GB,7a18ba1c51477890bfa7f6ef868e31c2e0fb93213d4f4a1e17098243ed17e272
face,celeba-hq:1394,0.25,cm_spectral_repeat_k1,ddrm,35.882781982421875,0.9334776401519775,,5,9.933178577106446,1299664384,NVIDIA A100-SXM4-80GB,7a18ba1c51477890bfa7f6ef868e31c2e0fb93213d4f4a1e17098243ed17e272
face,celeba-hq:1394,0.25,cm_spectral_repeat_k10,ddrm,37.43917465209961,0.9564533233642578,,50,10.856297223363072,1302023680,NVIDIA A100-SXM4-80GB,7a18ba1c51477890bfa7f6ef868e31c2e0fb93213d4f4a1e17098243ed17e272
face,celeba-hq:1394,0.25,cm_spectral_repeat_k5,ddrm,37.42252731323242,0.9574609398841858,,25,10.46364903030917,1302023680,NVIDIA A100-SXM4-80GB,7a18ba1c51477890bfa7f6ef868e31c2e0fb93213d4f4a1e17098243ed17e272
face,celeba-hq:1394,0.25,uniform,ddrm,33.06153869628906,0.8716166019439697,,0,1.4738335837610066,927876608,NVIDIA A100-SXM4-80GB,7a18ba1c51477890bfa7f6ef868e31c2e0fb93213d4f4a1e17098243ed17e272
face,celeba-hq:1394,0.25,variable_density,ddrm,34.685997009277344,0.9012731909751892,,0,1.453420882113278,930564096,NVIDIA A100-SXM4-80GB,7a18ba1c51477890bfa7f6ef868e31c2e0fb93213d4f4a1e17098243ed17e272
face,celeba-hq:1424,0.05,adasense_matched,ddrm,32.298824310302734,0.879026472568512,,1000,11.926014442928135,3943142400,NVIDIA A100-SXM4-80GB,d473cfc9b55b79168b7f61e7ace3e3dddb43b1b88f067395fd19e3e56a971801
face,celeba-hq:1424,0.05,ads_matched,ddrm,31.865684509277344,0.8721228241920471,,80032,859.1858960990794,36316853760,NVIDIA A100-SXM4-80GB,d473cfc9b55b79168b7f61e7ace3e3dddb43b1b88f067395fd19e3e56a971801
face,celeba-hq:1424,0.05,cm_spectral_once_k1,ddrm,31.525543212890625,0.8577031493186951,,1,2.623963454272598,1297763328,NVIDIA A100-SXM4-80GB,d473cfc9b55b79168b7f61e7ace3e3dddb43b1b88f067395fd19e3e56a971801
face,celeba-hq:1424,0.05,cm_spectral_repeat_k1,ddrm,31.652713775634766,0.868036150932312,,5,9.760417826473713,1299664384,NVIDIA A100-SXM4-80GB,d473cfc9b55b79168b7f61e7ace3e3dddb43b1b88f067395fd19e3e56a971801
face,celeba-hq:1424,0.05,cm_spectral_repeat_k10,ddrm,32.09754943847656,0.8749899864196777,,50,10.692091338802129,1302023680,NVIDIA A100-SXM4-80GB,d473cfc9b55b79168b7f61e7ace3e3dddb43b1b88f067395fd19e3e56a971801
face,celeba-hq:1424,0.05,cm_spectral_repeat_k5,ddrm,32.112396240234375,0.8743569254875183,,25,9.994734889827669,1302023680,NVIDIA A100-SXM4-80GB,d473cfc9b55b79168b7f61e7ace3e3dddb43b1b88f067395fd19e3e56a971801
face,celeba-hq:1424,0.05,uniform,ddrm,26.077930450439453,0.6969980597496033,,0,0.9561611032113433,927876608,NVIDIA A100-SXM4-80GB,d473cfc9b55b79168b7f61e7ace3e3dddb43b1b88f067395fd19e3e56a971801
face,celeba-hq:1424,0.05,variable_density,ddrm,27.91738510131836,0.752399206161499,,0,1.1058519249781966,930564096,NVIDIA A100-SXM4-80GB,d473cfc9b55b79168b7f61e7ace3e3dddb43b1b88f067395fd19e3e56a971801
face,celeba-hq:1424,0.1,adasense_matched,ddrm,34.71990203857422,0.925586462020874,,1000,12.828375420998782,3943142400,NVIDIA A100 80GB PCIe,37619fca27235ae3c1c1843054199ec5dea15a98d7701b518a26ec3af9425d1d
face,celeba-hq:1424,0.1,ads_matched,ddrm,33.69644546508789,0.9065160155296326,,80032,933.7548882067204,36316853760,NVIDIA A100 80GB PCIe,37619fca27235ae3c1c1843054199ec5dea15a98d7701b518a26ec3af9425d1d
face,celeba-hq:1424,0.1,cm_spectral_once_k1,ddrm,33.82963180541992,0.9039528369903564,,1,2.5676086619496346,1297763328,NVIDIA A100 80GB PCIe,37619fca27235ae3c1c1843054199ec5dea15a98d7701b518a26ec3af9425d1d
face,celeba-hq:1424,0.1,cm_spectral_repeat_k1,ddrm,33.70599365234375,0.9039880037307739,,5,9.159757101442665,1299664384,NVIDIA A100 80GB PCIe,37619fca27235ae3c1c1843054199ec5dea15a98d7701b518a26ec3af9425d1d
face,celeba-hq:1424,0.1,cm_spectral_repeat_k10,ddrm,34.497039794921875,0.9177185297012329,,50,10.216545755509287,1302023680,NVIDIA A100 80GB PCIe,37619fca27235ae3c1c1843054199ec5dea15a98d7701b518a26ec3af9425d1d
face,celeba-hq:1424,0.1,cm_spectral_repeat_k5,ddrm,34.510009765625,0.918037474155426,,25,9.445299431215972,1302023680,NVIDIA A100 80GB PCIe,37619fca27235ae3c1c1843054199ec5dea15a98d7701b518a26ec3af9425d1d
face,celeba-hq:1424,0.1,uniform,ddrm,28.37249755859375,0.7571432590484619,,0,1.040427756961435,927876608,NVIDIA A100 80GB PCIe,37619fca27235ae3c1c1843054199ec5dea15a98d7701b518a26ec3af9425d1d
face,celeba-hq:1424,0.1,variable_density,ddrm,30.270431518554688,0.8121492862701416,,0,1.1710798158310354,930564096,NVIDIA A100 80GB PCIe,37619fca27235ae3c1c1843054199ec5dea15a98d7701b518a26ec3af9425d1d
face,celeba-hq:1424,0.25,adasense_matched,ddrm,39.10416793823242,0.9713053703308105,,1000,28.19104600092396,3943142400,NVIDIA A40,f565fd0a48f8b1bc0ade9907c830501ff730929f0ec537d4ce3b1e5874b15be0
face,celeba-hq:1424,0.25,ads_matched,ddrm,36.73180389404297,0.9423395395278931,,80032,2137.155323724728,36316853760,NVIDIA A40,f565fd0a48f8b1bc0ade9907c830501ff730929f0ec537d4ce3b1e5874b15be0
face,celeba-hq:1424,0.25,cm_spectral_once_k1,ddrm,35.56509017944336,0.9217072129249573,,1,3.878864245954901,1331321856,NVIDIA A40,f565fd0a48f8b1bc0ade9907c830501ff730929f0ec537d4ce3b1e5874b15be0
face,celeba-hq:1424,0.25,cm_spectral_repeat_k1,ddrm,36.12702178955078,0.9355651140213013,,5,12.013136680237949,1333222912,NVIDIA A40,f565fd0a48f8b1bc0ade9907c830501ff730929f0ec537d4ce3b1e5874b15be0
face,celeba-hq:1424,0.25,cm_spectral_repeat_k10,ddrm,38.888160705566406,0.9670261144638062,,50,13.52603630721569,1335582208,NVIDIA A40,f565fd0a48f8b1bc0ade9907c830501ff730929f0ec537d4ce3b1e5874b15be0
face,celeba-hq:1424,0.25,cm_spectral_repeat_k5,ddrm,38.808937072753906,0.9664697647094727,,25,12.89165013981983,1335582208,NVIDIA A40,f565fd0a48f8b1bc0ade9907c830501ff730929f0ec537d4ce3b1e5874b15be0
face,celeba-hq:1424,0.25,uniform,ddrm,32.667205810546875,0.8583102822303772,,0,2.0057115387171507,927876608,NVIDIA A40,f565fd0a48f8b1bc0ade9907c830501ff730929f0ec537d4ce3b1e5874b15be0
face,celeba-hq:1424,0.25,variable_density,ddrm,34.93186569213867,0.9026175141334534,,0,2.1381377298384905,930564096,NVIDIA A40,f565fd0a48f8b1bc0ade9907c830501ff730929f0ec537d4ce3b1e5874b15be0
face,celeba-hq:1435,0.05,adasense_matched,ddrm,31.03982925415039,0.8629595041275024,,1000,12.946024249307811,3943142400,NVIDIA A100 80GB PCIe,488e9d221bcf1cc7228801d5fa7ebe30c7824ce69a9987a810d461446bb2da30
face,celeba-hq:1435,0.05,ads_matched,ddrm,30.801856994628906,0.8583356738090515,,80032,934.0976222641766,36316853760,NVIDIA A100 80GB PCIe,488e9d221bcf1cc7228801d5fa7ebe30c7824ce69a9987a810d461446bb2da30
face,celeba-hq:1435,0.05,cm_spectral_once_k1,ddrm,29.74901580810547,0.8273675441741943,,1,2.5928950691595674,1297763328,NVIDIA A100 80GB PCIe,488e9d221bcf1cc7228801d5fa7ebe30c7824ce69a9987a810d461446bb2da30
face,celeba-hq:1435,0.05,cm_spectral_repeat_k1,ddrm,29.824378967285156,0.831976592540741,,5,9.397967686410993,1299664384,NVIDIA A100 80GB PCIe,488e9d221bcf1cc7228801d5fa7ebe30c7824ce69a9987a810d461446bb2da30
face,celeba-hq:1435,0.05,cm_spectral_repeat_k10,ddrm,30.43511962890625,0.8456704616546631,,50,10.20695080794394,1302023680,NVIDIA A100 80GB PCIe,488e9d221bcf1cc7228801d5fa7ebe30c7824ce69a9987a810d461446bb2da30
face,celeba-hq:1435,0.05,cm_spectral_repeat_k5,ddrm,30.520034790039062,0.8472354412078857,,25,9.837722327094525,1302023680,NVIDIA A100 80GB PCIe,488e9d221bcf1cc7228801d5fa7ebe30c7824ce69a9987a810d461446bb2da30
face,celeba-hq:1435,0.05,uniform,ddrm,24.819011688232422,0.6853610873222351,,0,0.9278352642431855,927876608,NVIDIA A100 80GB PCIe,488e9d221bcf1cc7228801d5fa7ebe30c7824ce69a9987a810d461446bb2da30
face,celeba-hq:1435,0.05,variable_density,ddrm,26.991130828857422,0.7401198744773865,,0,1.0990617903880775,930564096,NVIDIA A100 80GB PCIe,488e9d221bcf1cc7228801d5fa7ebe30c7824ce69a9987a810d461446bb2da30
face,celeba-hq:1435,0.1,adasense_matched,ddrm,32.747371673583984,0.9044225811958313,,1000,12.025290696881711,3943142400,NVIDIA A100-SXM4-80GB,cfa649a9ec7af15574ed1327fc682a3762bb7725e461f54a7025e1ce454f909b
face,celeba-hq:1435,0.1,ads_matched,ddrm,32.2686653137207,0.8947660326957703,,80032,861.0314115816727,36316853760,NVIDIA A100-SXM4-80GB,cfa649a9ec7af15574ed1327fc682a3762bb7725e461f54a7025e1ce454f909b
face,celeba-hq:1435,0.1,cm_spectral_once_k1,ddrm,31.740005493164062,0.8758074641227722,,1,2.64827280305326,1297763328,NVIDIA A100-SXM4-80GB,cfa649a9ec7af15574ed1327fc682a3762bb7725e461f54a7025e1ce454f909b
face,celeba-hq:1435,0.1,cm_spectral_repeat_k1,ddrm,31.863826751708984,0.8846124410629272,,5,9.557429175358266,1299664384,NVIDIA A100-SXM4-80GB,cfa649a9ec7af15574ed1327fc682a3762bb7725e461f54a7025e1ce454f909b
face,celeba-hq:1435,0.1,cm_spectral_repeat_k10,ddrm,32.25333786010742,0.8906459808349609,,50,10.442282986827195,1302023680,NVIDIA A100-SXM4-80GB,cfa649a9ec7af15574ed1327fc682a3762bb7725e461f54a7025e1ce454f909b
face,celeba-hq:1435,0.1,cm_spectral_repeat_k5,ddrm,32.295223236083984,0.8903185725212097,,25,9.819316122215241,1302023680,NVIDIA A100-SXM4-80GB,cfa649a9ec7af15574ed1327fc682a3762bb7725e461f54a7025e1ce454f909b
face,celeba-hq:1435,0.1,uniform,ddrm,27.693004608154297,0.7554049491882324,,0,1.0506919147446752,927876608,NVIDIA A100-SXM4-80GB,cfa649a9ec7af15574ed1327fc682a3762bb7725e461f54a7025e1ce454f909b
face,celeba-hq:1435,0.1,variable_density,ddrm,29.489727020263672,0.8030741810798645,,0,1.213723428081721,930564096,NVIDIA A100-SXM4-80GB,cfa649a9ec7af15574ed1327fc682a3762bb7725e461f54a7025e1ce454f909b
face,celeba-hq:1435,0.25,adasense_matched,ddrm,36.564964294433594,0.9565166234970093,,1000,12.195654394105077,3943142400,NVIDIA A100-SXM4-80GB,3b0072e7f02427fff24151d9915dec27de24b397a475aef7b5569bbe2ee9c186
face,celeba-hq:1435,0.25,ads_matched,ddrm,35.17411804199219,0.9314554333686829,,80032,861.3044545697048,36316853760,NVIDIA A100-SXM4-80GB,3b0072e7f02427fff24151d9915dec27de24b397a475aef7b5569bbe2ee9c186
face,celeba-hq:1435,0.25,cm_spectral_once_k1,ddrm,34.36967468261719,0.9134939312934875,,1,3.078030923847109,1297763328,NVIDIA A100-SXM4-80GB,3b0072e7f02427fff24151d9915dec27de24b397a475aef7b5569bbe2ee9c186
face,celeba-hq:1435,0.25,cm_spectral_repeat_k1,ddrm,34.504356384277344,0.921625018119812,,5,9.305107086896896,1299664384,NVIDIA A100-SXM4-80GB,3b0072e7f02427fff24151d9915dec27de24b397a475aef7b5569bbe2ee9c186
face,celeba-hq:1435,0.25,cm_spectral_repeat_k10,ddrm,36.27188491821289,0.9502730965614319,,50,10.06104984646663,1302023680,NVIDIA A100-SXM4-80GB,3b0072e7f02427fff24151d9915dec27de24b397a475aef7b5569bbe2ee9c186
face,celeba-hq:1435,0.25,cm_spectral_repeat_k5,ddrm,36.25788116455078,0.9508107900619507,,25,9.722139689605683,1302023680,NVIDIA A100-SXM4-80GB,3b0072e7f02427fff24151d9915dec27de24b397a475aef7b5569bbe2ee9c186
face,celeba-hq:1435,0.25,uniform,ddrm,31.513134002685547,0.8436136245727539,,0,1.3461519847624004,927876608,NVIDIA A100-SXM4-80GB,3b0072e7f02427fff24151d9915dec27de24b397a475aef7b5569bbe2ee9c186
face,celeba-hq:1435,0.25,variable_density,ddrm,33.379051208496094,0.8840717673301697,,0,1.3794193393550813,930564096,NVIDIA A100-SXM4-80GB,3b0072e7f02427fff24151d9915dec27de24b397a475aef7b5569bbe2ee9c186
face,celeba-hq:1483,0.05,adasense_matched,ddrm,34.45163345336914,0.9063842296600342,,1000,28.127061046194285,3943142400,NVIDIA A40,4b2b335928b84c1c558e82032d39f5b7412e9163bae8f60eb6332ec2378a3ed4
face,celeba-hq:1483,0.05,ads_matched,ddrm,34.321720123291016,0.9047055244445801,,80032,2136.7735000019893,36316853760,NVIDIA A40,4b2b335928b84c1c558e82032d39f5b7412e9163bae8f60eb6332ec2378a3ed4
face,celeba-hq:1483,0.05,cm_spectral_once_k1,ddrm,33.64272689819336,0.8894957900047302,,1,3.5094619537703693,1331321856,NVIDIA A40,4b2b335928b84c1c558e82032d39f5b7412e9163bae8f60eb6332ec2378a3ed4
face,celeba-hq:1483,0.05,cm_spectral_repeat_k1,ddrm,34.05081558227539,0.8969242572784424,,5,11.896275491453707,1333222912,NVIDIA A40,4b2b335928b84c1c558e82032d39f5b7412e9163bae8f60eb6332ec2378a3ed4
face,celeba-hq:1483,0.05,cm_spectral_repeat_k10,ddrm,34.08001708984375,0.8976876735687256,,50,13.242709330283105,1335582208,NVIDIA A40,4b2b335928b84c1c558e82032d39f5b7412e9163bae8f60eb6332ec2378a3ed4
face,celeba-hq:1483,0.05,cm_spectral_repeat_k5,ddrm,34.150978088378906,0.899263858795166,,25,12.565289778169245,1335582208,NVIDIA A40,4b2b335928b84c1c558e82032d39f5b7412e9163bae8f60eb6332ec2378a3ed4
face,celeba-hq:1483,0.05,uniform,ddrm,27.536666870117188,0.7858520746231079,,0,1.5232573333196342,927876608,NVIDIA A40,4b2b335928b84c1c558e82032d39f5b7412e9163bae8f60eb6332ec2378a3ed4
face,celeba-hq:1483,0.05,variable_density,ddrm,30.241413116455078,0.8303803205490112,,0,1.7873430508188903,930564096,NVIDIA A40,4b2b335928b84c1c558e82032d39f5b7412e9163bae8f60eb6332ec2378a3ed4
face,celeba-hq:1483,0.1,adasense_matched,ddrm,36.857582092285156,0.9413989186286926,,1000,28.011287543922663,3943142400,NVIDIA A40,3d6f086e611114e16be72d221233382240b0b7bbb3ba9aef54b4cecf477dfb07
face,celeba-hq:1483,0.1,ads_matched,ddrm,36.54257583618164,0.9361119270324707,,80032,2137.42424222501,36316853760,NVIDIA A40,3d6f086e611114e16be72d221233382240b0b7bbb3ba9aef54b4cecf477dfb07
face,celeba-hq:1483,0.1,cm_spectral_once_k1,ddrm,35.6550178527832,0.9205130934715271,,1,3.523211528081447,1331321856,NVIDIA A40,3d6f086e611114e16be72d221233382240b0b7bbb3ba9aef54b4cecf477dfb07
face,celeba-hq:1483,0.1,cm_spectral_repeat_k1,ddrm,35.81853103637695,0.9251188039779663,,5,11.894474376924336,1333222912,NVIDIA A40,3d6f086e611114e16be72d221233382240b0b7bbb3ba9aef54b4cecf477dfb07
face,celeba-hq:1483,0.1,cm_spectral_repeat_k10,ddrm,36.42772674560547,0.9336155652999878,,50,13.298839348834008,1335582208,NVIDIA A40,3d6f086e611114e16be72d221233382240b0b7bbb3ba9aef54b4cecf477dfb07
face,celeba-hq:1483,0.1,cm_spectral_repeat_k5,ddrm,36.432960510253906,0.9336139559745789,,25,12.34985013352707,1335582208,NVIDIA A40,3d6f086e611114e16be72d221233382240b0b7bbb3ba9aef54b4cecf477dfb07
face,celeba-hq:1483,0.1,uniform,ddrm,30.455074310302734,0.8349783420562744,,0,1.657291116192937,927876608,NVIDIA A40,3d6f086e611114e16be72d221233382240b0b7bbb3ba9aef54b4cecf477dfb07
face,celeba-hq:1483,0.1,variable_density,ddrm,32.60492706298828,0.868918776512146,,0,1.9819455491378903,930564096,NVIDIA A40,3d6f086e611114e16be72d221233382240b0b7bbb3ba9aef54b4cecf477dfb07
face,celeba-hq:1483,0.25,adasense_matched,ddrm,41.37652587890625,0.9760782718658447,,1000,12.898992895614356,3943142400,NVIDIA A100 80GB PCIe,3cd192de5464285292e5173d1889bb90895e57c5de4b5d669821143ca45fce2d
face,celeba-hq:1483,0.25,ads_matched,ddrm,39.69868469238281,0.962462842464447,,80032,934.9042832609266,36316853760,NVIDIA A100 80GB PCIe,3cd192de5464285292e5173d1889bb90895e57c5de4b5d669821143ca45fce2d
face,celeba-hq:1483,0.25,cm_spectral_once_k1,ddrm,37.814327239990234,0.9413367509841919,,1,2.8999259169213474,1297763328,NVIDIA A100 80GB PCIe,3cd192de5464285292e5173d1889bb90895e57c5de4b5d669821143ca45fce2d
face,celeba-hq:1483,0.25,cm_spectral_repeat_k1,ddrm,38.79900360107422,0.9533318877220154,,5,9.608827489428222,1299664384,NVIDIA A100 80GB PCIe,3cd192de5464285292e5173d1889bb90895e57c5de4b5d669821143ca45fce2d
face,celeba-hq:1483,0.25,cm_spectral_repeat_k10,ddrm,40.863216400146484,0.9722679257392883,,50,10.531676433049142,1302023680,NVIDIA A100 80GB PCIe,3cd192de5464285292e5173d1889bb90895e57c5de4b5d669821143ca45fce2d
face,celeba-hq:1483,0.25,cm_spectral_repeat_k5,ddrm,40.815006256103516,0.9720760583877563,,25,10.197431936394423,1302023680,NVIDIA A100 80GB PCIe,3cd192de5464285292e5173d1889bb90895e57c5de4b5d669821143ca45fce2d
face,celeba-hq:1483,0.25,uniform,ddrm,34.5406379699707,0.8940188884735107,,0,1.349366603884846,927876608,NVIDIA A100 80GB PCIe,3cd192de5464285292e5173d1889bb90895e57c5de4b5d669821143ca45fce2d
face,celeba-hq:1483,0.25,variable_density,ddrm,36.4292106628418,0.9208266139030457,,0,1.4118335652165115,930564096,NVIDIA A100 80GB PCIe,3cd192de5464285292e5173d1889bb90895e57c5de4b5d669821143ca45fce2d
face,celeba-hq:227,0.05,adasense_matched,ddrm,32.337379455566406,0.8685880899429321,,1000,12.926355817820877,3943142400,NVIDIA A100 80GB PCIe,7b9a6feb3f0a2b13691d033cca3a1a0b8248206293f6b69ccbfac7a64163035f
face,celeba-hq:227,0.05,ads_matched,ddrm,31.966209411621094,0.857654333114624,,80032,933.87694810424,36316853760,NVIDIA A100 80GB PCIe,7b9a6feb3f0a2b13691d033cca3a1a0b8248206293f6b69ccbfac7a64163035f
face,celeba-hq:227,0.05,cm_spectral_once_k1,ddrm,31.36034393310547,0.841565728187561,,1,2.501000159420073,1297763328,NVIDIA A100 80GB PCIe,7b9a6feb3f0a2b13691d033cca3a1a0b8248206293f6b69ccbfac7a64163035f
face,celeba-hq:227,0.05,cm_spectral_repeat_k1,ddrm,31.110153198242188,0.837757408618927,,5,9.054791915230453,1299664384,NVIDIA A100 80GB PCIe,7b9a6feb3f0a2b13691d033cca3a1a0b8248206293f6b69ccbfac7a64163035f
face,celeba-hq:227,0.05,cm_spectral_repeat_k10,ddrm,31.920948028564453,0.854835033416748,,50,9.850772597361356,1302023680,NVIDIA A100 80GB PCIe,7b9a6feb3f0a2b13691d033cca3a1a0b8248206293f6b69ccbfac7a64163035f
face,celeba-hq:227,0.05,cm_spectral_repeat_k5,ddrm,31.804004669189453,0.8527044653892517,,25,9.44825133960694,1302023680,NVIDIA A100 80GB PCIe,7b9a6feb3f0a2b13691d033cca3a1a0b8248206293f6b69ccbfac7a64163035f
face,celeba-hq:227,0.05,uniform,ddrm,24.481632232666016,0.6734346747398376,,0,0.9200742309913039,927876608,NVIDIA A100 80GB PCIe,7b9a6feb3f0a2b13691d033cca3a1a0b8248206293f6b69ccbfac7a64163035f
face,celeba-hq:227,0.05,variable_density,ddrm,27.945068359375,0.7589757442474365,,0,1.1286995336413383,930564096,NVIDIA A100 80GB PCIe,7b9a6feb3f0a2b13691d033cca3a1a0b8248206293f6b69ccbfac7a64163035f
face,celeba-hq:227,0.1,adasense_matched,ddrm,34.115848541259766,0.9074702262878418,,1000,28.168886940926313,3943142400,NVIDIA A40,d2b48d9b96e2e6431abf8bec95f5fecffd0ef26a45b45d46f917459595d62829
face,celeba-hq:227,0.1,ads_matched,ddrm,33.51264572143555,0.8943056464195251,,80032,2138.0225193370134,36316853760,NVIDIA A40,d2b48d9b96e2e6431abf8bec95f5fecffd0ef26a45b45d46f917459595d62829
face,celeba-hq:227,0.1,cm_spectral_once_k1,ddrm,32.24101257324219,0.857424795627594,,1,3.5918925059959292,1331321856,NVIDIA A40,d2b48d9b96e2e6431abf8bec95f5fecffd0ef26a45b45d46f917459595d62829
face,celeba-hq:227,0.1,cm_spectral_repeat_k1,ddrm,33.22470474243164,0.8837091326713562,,5,12.086784057784826,1333222912,NVIDIA A40,d2b48d9b96e2e6431abf8bec95f5fecffd0ef26a45b45d46f917459595d62829
face,celeba-hq:227,0.1,cm_spectral_repeat_k10,ddrm,33.652103424072266,0.8943242430686951,,50,13.619669218081981,1335582208,NVIDIA A40,d2b48d9b96e2e6431abf8bec95f5fecffd0ef26a45b45d46f917459595d62829
face,celeba-hq:227,0.1,cm_spectral_repeat_k5,ddrm,33.63960266113281,0.894267201423645,,25,12.62140901433304,1335582208,NVIDIA A40,d2b48d9b96e2e6431abf8bec95f5fecffd0ef26a45b45d46f917459595d62829
face,celeba-hq:227,0.1,uniform,ddrm,27.661563873291016,0.7615116834640503,,0,1.7078010719269514,927876608,NVIDIA A40,d2b48d9b96e2e6431abf8bec95f5fecffd0ef26a45b45d46f917459595d62829
face,celeba-hq:227,0.1,variable_density,ddrm,30.854385375976562,0.8266923427581787,,0,1.9873582576401532,930564096,NVIDIA A40,d2b48d9b96e2e6431abf8bec95f5fecffd0ef26a45b45d46f917459595d62829
face,celeba-hq:227,0.25,adasense_matched,ddrm,37.44849395751953,0.9530842900276184,,1000,12.984825058840215,3943142400,NVIDIA A100 80GB PCIe,44aa9b894102906bf9742fab1bad8fb50b4a4c43ab755836293e4b7230cce776
face,celeba-hq:227,0.25,ads_matched,ddrm,36.09821319580078,0.9316666126251221,,80032,934.3197218268178,36316853760,NVIDIA A100 80GB PCIe,44aa9b894102906bf9742fab1bad8fb50b4a4c43ab755836293e4b7230cce776
face,celeba-hq:227,0.25,cm_spectral_once_k1,ddrm,35.815032958984375,0.9251864552497864,,1,2.7473320979624987,1297763328,NVIDIA A100 80GB PCIe,44aa9b894102906bf9742fab1bad8fb50b4a4c43ab755836293e4b7230cce776
face,celeba-hq:227,0.25,cm_spectral_repeat_k1,ddrm,35.54467010498047,0.9228131175041199,,5,9.085137969814241,1299664384,NVIDIA A100 80GB PCIe,44aa9b894102906bf9742fab1bad8fb50b4a4c43ab755836293e4b7230cce776
face,celeba-hq:227,0.25,cm_spectral_repeat_k10,ddrm,37.150001525878906,0.9485191106796265,,50,9.942127220332623,1302023680,NVIDIA A100 80GB PCIe,44aa9b894102906bf9742fab1bad8fb50b4a4c43ab755836293e4b7230cce776
face,celeba-hq:227,0.25,cm_spectral_repeat_k5,ddrm,37.12691116333008,0.9483235478401184,,25,9.636433409526944,1302023680,NVIDIA A100 80GB PCIe,44aa9b894102906bf9742fab1bad8fb50b4a4c43ab755836293e4b7230cce776
face,celeba-hq:227,0.25,uniform,ddrm,32.7771110534668,0.8617877960205078,,0,1.3106682989746332,927876608,NVIDIA A100 80GB PCIe,44aa9b894102906bf9742fab1bad8fb50b4a4c43ab755836293e4b7230cce776
face,celeba-hq:227,0.25,variable_density,ddrm,34.34893798828125,0.8949907422065735,,0,1.3860306618735194,930564096,NVIDIA A100 80GB PCIe,44aa9b894102906bf9742fab1bad8fb50b4a4c43ab755836293e4b7230cce776
face,celeba-hq:236,0.05,adasense_matched,ddrm,31.60354232788086,0.8476254940032959,,1000,12.1157271489501,3943142400,NVIDIA A100-SXM4-80GB,5d6248b9abc58a3acb3c00b87514a2059db13c68f5dc43ffda6883c42c2ee000
face,celeba-hq:236,0.05,ads_matched,ddrm,30.8857421875,0.8233020305633545,,80032,857.919330147095,36316853760,NVIDIA A100-SXM4-80GB,5d6248b9abc58a3acb3c00b87514a2059db13c68f5dc43ffda6883c42c2ee000
face,celeba-hq:236,0.05,cm_spectral_once_k1,ddrm,30.166397094726562,0.7960425615310669,,1,2.5775914480909705,1297763328,NVIDIA A100-SXM4-80GB,5d6248b9abc58a3acb3c00b87514a2059db13c68f5dc43ffda6883c42c2ee000
face,celeba-hq:236,0.05,cm_spectral_repeat_k1,ddrm,29.871349334716797,0.7845632433891296,,5,9.347844577860087,1299664384,NVIDIA A100-SXM4-80GB,5d6248b9abc58a3acb3c00b87514a2059db13c68f5dc43ffda6883c42c2ee000
face,celeba-hq:236,0.05,cm_spectral_repeat_k10,ddrm,30.81917953491211,0.8213152885437012,,50,10.13157819956541,1302023680,NVIDIA A100-SXM4-80GB,5d6248b9abc58a3acb3c00b87514a2059db13c68f5dc43ffda6883c42c2ee000
face,celeba-hq:236,0.05,cm_spectral_repeat_k5,ddrm,30.72766876220703,0.8156473636627197,,25,9.74524597544223,1302023680,NVIDIA A100-SXM4-80GB,5d6248b9abc58a3acb3c00b87514a2059db13c68f5dc43ffda6883c42c2ee000
face,celeba-hq:236,0.05,uniform,ddrm,25.937625885009766,0.6412917971611023,,0,0.940050947945565,927876608,NVIDIA A100-SXM4-80GB,5d6248b9abc58a3acb3c00b87514a2059db13c68f5dc43ffda6883c42c2ee000
face,celeba-hq:236,0.05,variable_density,ddrm,26.967933654785156,0.6822148561477661,,0,1.0900411112233996,930564096,NVIDIA A100-SXM4-80GB,5d6248b9abc58a3acb3c00b87514a2059db13c68f5dc43ffda6883c42c2ee000
face,celeba-hq:236,0.1,adasense_matched,ddrm,34.013553619384766,0.90566086769104,,1000,28.06263643503189,3943142400,NVIDIA A40,8de770b5ef02e30ae0745282e3d682d10a34749bd51e970043ba0d0d370d000c
face,celeba-hq:236,0.1,ads_matched,ddrm,33.01236343383789,0.881636917591095,,80032,2137.332381768618,36316853760,NVIDIA A40,8de770b5ef02e30ae0745282e3d682d10a34749bd51e970043ba0d0d370d000c
face,celeba-hq:236,0.1,cm_spectral_once_k1,ddrm,32.00050354003906,0.8537760972976685,,1,3.570589485578239,1331321856,NVIDIA A40,8de770b5ef02e30ae0745282e3d682d10a34749bd51e970043ba0d0d370d000c
face,celeba-hq:236,0.1,cm_spectral_repeat_k1,ddrm,32.444217681884766,0.8675221800804138,,5,12.065374875906855,1333222912,NVIDIA A40,8de770b5ef02e30ae0745282e3d682d10a34749bd51e970043ba0d0d370d000c
face,celeba-hq:236,0.1,cm_spectral_repeat_k10,ddrm,33.16836929321289,0.8833832740783691,,50,13.519433259498328,1335582208,NVIDIA A40,8de770b5ef02e30ae0745282e3d682d10a34749bd51e970043ba0d0d370d000c
face,celeba-hq:236,0.1,cm_spectral_repeat_k5,ddrm,33.15644073486328,0.8829137086868286,,25,12.545990688726306,1335582208,NVIDIA A40,8de770b5ef02e30ae0745282e3d682d10a34749bd51e970043ba0d0d370d000c
face,celeba-hq:236,0.1,uniform,ddrm,27.6676025390625,0.7051374912261963,,0,1.6377024436369538,927876608,NVIDIA A40,8de770b5ef02e30ae0745282e3d682d10a34749bd51e970043ba0d0d370d000c
face,celeba-hq:236,0.1,variable_density,ddrm,29.47292709350586,0.765713632106781,,0,1.9334381585940719,930564096,NVIDIA A40,8de770b5ef02e30ae0745282e3d682d10a34749bd51e970043ba0d0d370d000c
face,celeba-hq:236,0.25,adasense_matched,ddrm,37.92317199707031,0.9602592587471008,,1000,12.178996795788407,3943142400,NVIDIA A100-SXM4-80GB,3d2c7f7419358d57f3abafb1cc5be41f884c72da9408c6cd0cc2c92f95a5c72a
face,celeba-hq:236,0.25,ads_matched,ddrm,35.949771881103516,0.9337562322616577,,80032,860.6517349230126,36316853760,NVIDIA A100-SXM4-80GB,3d2c7f7419358d57f3abafb1cc5be41f884c72da9408c6cd0cc2c92f95a5c72a
face,celeba-hq:236,0.25,cm_spectral_once_k1,ddrm,35.80146026611328,0.9297486543655396,,1,2.979388238862157,1297763328,NVIDIA A100-SXM4-80GB,3d2c7f7419358d57f3abafb1cc5be41f884c72da9408c6cd0cc2c92f95a5c72a
face,celeba-hq:236,0.25,cm_spectral_repeat_k1,ddrm,34.942874908447266,0.9169860482215881,,5,10.028593250084668,1299664384,NVIDIA A100-SXM4-80GB,3d2c7f7419358d57f3abafb1cc5be41f884c72da9408c6cd0cc2c92f95a5c72a
face,celeba-hq:236,0.25,cm_spectral_repeat_k10,ddrm,37.471290588378906,0.9541728496551514,,50,10.939490023534745,1302023680,NVIDIA A100-SXM4-80GB,3d2c7f7419358d57f3abafb1cc5be41f884c72da9408c6cd0cc2c92f95a5c72a
face,celeba-hq:236,0.25,cm_spectral_repeat_k5,ddrm,37.45761489868164,0.9537558555603027,,25,10.540879137348384,1302023680,NVIDIA A100-SXM4-80GB,3d2c7f7419358d57f3abafb1cc5be41f884c72da9408c6cd0cc2c92f95a5c72a
face,celeba-hq:236,0.25,uniform,ddrm,31.02898406982422,0.816189169883728,,0,1.3692814521491528,927876608,NVIDIA A100-SXM4-80GB,3d2c7f7419358d57f3abafb1cc5be41f884c72da9408c6cd0cc2c92f95a5c72a
face,celeba-hq:236,0.25,variable_density,ddrm,33.028419494628906,0.8701299428939819,,0,1.4795661610551178,930564096,NVIDIA A100-SXM4-80GB,3d2c7f7419358d57f3abafb1cc5be41f884c72da9408c6cd0cc2c92f95a5c72a
face,celeba-hq:250,0.05,adasense_matched,ddrm,30.390705108642578,0.8083215951919556,,1000,27.99002921115607,3943142400,NVIDIA A40,bebf8295bf4236621a8e614fde2d087586122b35d8e491c8daee558de600120f
face,celeba-hq:250,0.05,ads_matched,ddrm,29.770252227783203,0.7843602299690247,,80032,2137.0977490469813,36316853760,NVIDIA A40,bebf8295bf4236621a8e614fde2d087586122b35d8e491c8daee558de600120f
face,celeba-hq:250,0.05,cm_spectral_once_k1,ddrm,29.940364837646484,0.7848117351531982,,1,3.518433542456478,1331321856,NVIDIA A40,bebf8295bf4236621a8e614fde2d087586122b35d8e491c8daee558de600120f
face,celeba-hq:250,0.05,cm_spectral_repeat_k1,ddrm,29.84130096435547,0.7851046919822693,,5,11.92749818554148,1333222912,NVIDIA A40,bebf8295bf4236621a8e614fde2d087586122b35d8e491c8daee558de600120f
face,celeba-hq:250,0.05,cm_spectral_repeat_k10,ddrm,30.183029174804688,0.8010112643241882,,50,13.37547501269728,1335582208,NVIDIA A40,bebf8295bf4236621a8e614fde2d087586122b35d8e491c8daee558de600120f
face,celeba-hq:250,0.05,cm_spectral_repeat_k5,ddrm,30.222915649414062,0.8012537360191345,,25,12.409087759442627,1335582208,NVIDIA A40,bebf8295bf4236621a8e614fde2d087586122b35d8e491c8daee558de600120f
face,celeba-hq:250,0.05,uniform,ddrm,25.631275177001953,0.6241382360458374,,0,1.5556086897850037,927876608,NVIDIA A40,bebf8295bf4236621a8e614fde2d087586122b35d8e491c8daee558de600120f
face,celeba-hq:250,0.05,variable_density,ddrm,27.609622955322266,0.690242350101471,,0,1.866429166868329,930564096,NVIDIA A40,bebf8295bf4236621a8e614fde2d087586122b35d8e491c8daee558de600120f
face,celeba-hq:250,0.1,adasense_matched,ddrm,32.04456329345703,0.8652936816215515,,1000,28.08223380194977,3943142400,NVIDIA A40,d2e8d437c00d361f5e7cd7d7cf6668a61a98209a7ab30c2064a71bc4adb098bd
face,celeba-hq:250,0.1,ads_matched,ddrm,31.068355560302734,0.8271326422691345,,80032,2136.5472117280588,36316853760,NVIDIA A40,d2e8d437c00d361f5e7cd7d7cf6668a61a98209a7ab30c2064a71bc4adb098bd
face,celeba-hq:250,0.1,cm_spectral_once_k1,ddrm,30.86886978149414,0.8100388646125793,,1,3.5655913106165826,1331321856,NVIDIA A40,d2e8d437c00d361f5e7cd7d7cf6668a61a98209a7ab30c2064a71bc4adb098bd
face,celeba-hq:250,0.1,cm_spectral_repeat_k1,ddrm,31.245895385742188,0.8326532244682312,,5,12.149470733013004,1333222912,NVIDIA A40,d2e8d437c00d361f5e7cd7d7cf6668a61a98209a7ab30c2064a71bc4adb098bd
face,celeba-hq:250,0.1,cm_spectral_repeat_k10,ddrm,31.915775299072266,0.8576538562774658,,50,13.616881389170885,1335582208,NVIDIA A40,d2e8d437c00d361f5e7cd7d7cf6668a61a98209a7ab30c2064a71bc4adb098bd
face,celeba-hq:250,0.1,cm_spectral_repeat_k5,ddrm,31.78752899169922,0.8544100522994995,,25,12.606619546655566,1335582208,NVIDIA A40,d2e8d437c00d361f5e7cd7d7cf6668a61a98209a7ab30c2064a71bc4adb098bd
face,celeba-hq:250,0.1,uniform,ddrm,27.94393539428711,0.6948222517967224,,0,1.6496168631128967,927876608,NVIDIA A40,d2e8d437c00d361f5e7cd7d7cf6668a61a98209a7ab30c2064a71bc4adb098bd
face,celeba-hq:250,0.1,variable_density,ddrm,29.530048370361328,0.7485055327415466,,0,1.9612723509781063,930564096,NVIDIA A40,d2e8d437c00d361f5e7cd7d7cf6668a61a98209a7ab30c2064a71bc4adb098bd
face,celeba-hq:250,0.25,adasense_matched,ddrm,35.67827224731445,0.9370672702789307,,1000,28.217383365612477,3943142400,NVIDIA A40,72207acce5cb9a94fefda41af49b416a0de827af9e190ce5ec598394d7bce8b9
face,celeba-hq:250,0.25,ads_matched,ddrm,33.48106384277344,0.8851161003112793,,80032,2137.2953768428415,36316853760,NVIDIA A40,72207acce5cb9a94fefda41af49b416a0de827af9e190ce5ec598394d7bce8b9
face,celeba-hq:250,0.25,cm_spectral_once_k1,ddrm,32.89683151245117,0.8590043783187866,,1,3.874577985610813,1331321856,NVIDIA A40,72207acce5cb9a94fefda41af49b416a0de827af9e190ce5ec598394d7bce8b9
face,celeba-hq:250,0.25,cm_spectral_repeat_k1,ddrm,33.76403045654297,0.8895639777183533,,5,12.015229444950819,1333222912,NVIDIA A40,72207acce5cb9a94fefda41af49b416a0de827af9e190ce5ec598394d7bce8b9
face,celeba-hq:250,0.25,cm_spectral_repeat_k10,ddrm,35.505035400390625,0.9320992231369019,,50,13.513555618468672,1335582208,NVIDIA A40,72207acce5cb9a94fefda41af49b416a0de827af9e190ce5ec598394d7bce8b9
face,celeba-hq:250,0.25,cm_spectral_repeat_k5,ddrm,35.54677963256836,0.9331452250480652,,25,12.828164489008486,1335582208,NVIDIA A40,72207acce5cb9a94fefda41af49b416a0de827af9e190ce5ec598394d7bce8b9
face,celeba-hq:250,0.25,uniform,ddrm,31.333492279052734,0.8037114143371582,,0,2.021265937946737,927876608,NVIDIA A40,72207acce5cb9a94fefda41af49b416a0de827af9e190ce5ec598394d7bce8b9
face,celeba-hq:250,0.25,variable_density,ddrm,33.000205993652344,0.8536628484725952,,0,2.160935286898166,930564096,NVIDIA A40,72207acce5cb9a94fefda41af49b416a0de827af9e190ce5ec598394d7bce8b9
face,celeba-hq:283,0.05,adasense_matched,ddrm,27.470088958740234,0.7883937358856201,,1000,28.172082148957998,3943142400,NVIDIA A40,6e8e9ebe00dcba09137284d1b5b04fd4a8f72ae7d9e7b4e3ee991a1b791d9304
face,celeba-hq:283,0.05,ads_matched,ddrm,27.137004852294922,0.7754465937614441,,80032,2137.1208214019425,36316853760,NVIDIA A40,6e8e9ebe00dcba09137284d1b5b04fd4a8f72ae7d9e7b4e3ee991a1b791d9304
face,celeba-hq:283,0.05,cm_spectral_once_k1,ddrm,26.930137634277344,0.7602641582489014,,1,3.552020809147507,1331321856,NVIDIA A40,6e8e9ebe00dcba09137284d1b5b04fd4a8f72ae7d9e7b4e3ee991a1b791d9304
face,celeba-hq:283,0.05,cm_spectral_repeat_k1,ddrm,26.64999771118164,0.7524139285087585,,5,12.024703901726753,1333222912,NVIDIA A40,6e8e9ebe00dcba09137284d1b5b04fd4a8f72ae7d9e7b4e3ee991a1b791d9304
face,celeba-hq:283,0.05,cm_spectral_repeat_k10,ddrm,27.40637969970703,0.7819497585296631,,50,13.377691800706089,1335582208,NVIDIA A40,6e8e9ebe00dcba09137284d1b5b04fd4a8f72ae7d9e7b4e3ee991a1b791d9304
face,celeba-hq:283,0.05,cm_spectral_repeat_k5,ddrm,27.367263793945312,0.7800936102867126,,25,12.666725326795131,1335582208,NVIDIA A40,6e8e9ebe00dcba09137284d1b5b04fd4a8f72ae7d9e7b4e3ee991a1b791d9304
face,celeba-hq:283,0.05,uniform,ddrm,22.08188247680664,0.5399609208106995,,0,1.5484320069663227,927876608,NVIDIA A40,6e8e9ebe00dcba09137284d1b5b04fd4a8f72ae7d9e7b4e3ee991a1b791d9304
face,celeba-hq:283,0.05,variable_density,ddrm,23.1572265625,0.5868174433708191,,0,1.8716356502845883,930564096,NVIDIA A40,6e8e9ebe00dcba09137284d1b5b04fd4a8f72ae7d9e7b4e3ee991a1b791d9304
face,celeba-hq:283,0.1,adasense_matched,ddrm,29.68427276611328,0.8650805950164795,,1000,27.99597135419026,3943142400,NVIDIA A40,7d576154eddf5145cdc7b5d5269bf6e2a43d9955d0f8c1ecb944f52939a400af
face,celeba-hq:283,0.1,ads_matched,ddrm,28.999042510986328,0.8407161831855774,,80032,2136.987104031723,36316853760,NVIDIA A40,7d576154eddf5145cdc7b5d5269bf6e2a43d9955d0f8c1ecb944f52939a400af
face,celeba-hq:283,0.1,cm_spectral_once_k1,ddrm,29.014015197753906,0.830971360206604,,1,3.4956425530835986,1331321856,NVIDIA A40,7d576154eddf5145cdc7b5d5269bf6e2a43d9955d0f8c1ecb944f52939a400af
face,celeba-hq:283,0.1,cm_spectral_repeat_k1,ddrm,28.749683380126953,0.8252471089363098,,5,11.789020858239383,1333222912,NVIDIA A40,7d576154eddf5145cdc7b5d5269bf6e2a43d9955d0f8c1ecb944f52939a400af
face,celeba-hq:283,0.1,cm_spectral_repeat_k10,ddrm,29.658451080322266,0.8581631779670715,,50,13.208310039713979,1335582208,NVIDIA A40,7d576154eddf5145cdc7b5d5269bf6e2a43d9955d0f8c1ecb944f52939a400af
face,celeba-hq:283,0.1,cm_spectral_repeat_k5,ddrm,29.570602416992188,0.8556627035140991,,25,12.247054445091635,1335582208,NVIDIA A40,7d576154eddf5145cdc7b5d5269bf6e2a43d9955d0f8c1ecb944f52939a400af
face,celeba-hq:283,0.1,uniform,ddrm,23.810298919677734,0.6109288334846497,,0,1.6469583278521895,927876608,NVIDIA A40,7d576154eddf5145cdc7b5d5269bf6e2a43d9955d0f8c1ecb944f52939a400af
face,celeba-hq:283,0.1,variable_density,ddrm,25.767166137695312,0.686453640460968,,0,1.9566454966552556,930564096,NVIDIA A40,7d576154eddf5145cdc7b5d5269bf6e2a43d9955d0f8c1ecb944f52939a400af
face,celeba-hq:283,0.25,adasense_matched,ddrm,33.789306640625,0.9425181150436401,,1000,28.34370246110484,3943142400,NVIDIA A40,c66c573ff10ab680196c4624d1261e625b069ae9d2caa31e2d49cfe78db642fa
face,celeba-hq:283,0.25,ads_matched,ddrm,32.20587158203125,0.9070813655853271,,80032,2137.0232029850595,36316853760,NVIDIA A40,c66c573ff10ab680196c4624d1261e625b069ae9d2caa31e2d49cfe78db642fa
face,celeba-hq:283,0.25,cm_spectral_once_k1,ddrm,30.364521026611328,0.8525890707969666,,1,3.8726783241145313,1331321856,NVIDIA A40,c66c573ff10ab680196c4624d1261e625b069ae9d2caa31e2d49cfe78db642fa
face,celeba-hq:283,0.25,cm_spectral_repeat_k1,ddrm,31.639270782470703,0.8955394625663757,,5,12.036371585913002,1333222912,NVIDIA A40,c66c573ff10ab680196c4624d1261e625b069ae9d2caa31e2d49cfe78db642fa
face,celeba-hq:283,0.25,cm_spectral_repeat_k10,ddrm,33.5987663269043,0.9339924454689026,,50,13.47052492806688,1335582208,NVIDIA A40,c66c573ff10ab680196c4624d1261e625b069ae9d2caa31e2d49cfe78db642fa
face,celeba-hq:283,0.25,cm_spectral_repeat_k5,ddrm,33.628448486328125,0.9358641505241394,,25,12.77667241031304,1335582208,NVIDIA A40,c66c573ff10ab680196c4624d1261e625b069ae9d2caa31e2d49cfe78db642fa
face,celeba-hq:283,0.25,uniform,ddrm,27.5233154296875,0.749431848526001,,0,1.9977861577644944,927876608,NVIDIA A40,c66c573ff10ab680196c4624d1261e625b069ae9d2caa31e2d49cfe78db642fa
face,celeba-hq:283,0.25,variable_density,ddrm,29.792781829833984,0.824765145778656,,0,2.1330563998781145,930564096,NVIDIA A40,c66c573ff10ab680196c4624d1261e625b069ae9d2caa31e2d49cfe78db642fa
face,celeba-hq:310,0.05,adasense_matched,ddrm,30.20256805419922,0.8219084143638611,,1000,11.94347364269197,3943142400,NVIDIA A100-SXM4-80GB,6451160f1d3085309b6cf26f6028abf3a70f1279e1491ea33ac11c908d2e57b5
face,celeba-hq:310,0.05,ads_matched,ddrm,29.770427703857422,0.8064492344856262,,80032,861.5661340788938,36316853760,NVIDIA A100-SXM4-80GB,6451160f1d3085309b6cf26f6028abf3a70f1279e1491ea33ac11c908d2e57b5
face,celeba-hq:310,0.05,cm_spectral_once_k1,ddrm,29.000751495361328,0.7712036371231079,,1,2.5296488809399307,1297763328,NVIDIA A100-SXM4-80GB,6451160f1d3085309b6cf26f6028abf3a70f1279e1491ea33ac11c908d2e57b5
face,celeba-hq:310,0.05,cm_spectral_repeat_k1,ddrm,29.130496978759766,0.7763922810554504,,5,9.304672866128385,1299664384,NVIDIA A100-SXM4-80GB,6451160f1d3085309b6cf26f6028abf3a70f1279e1491ea33ac11c908d2e57b5
face,celeba-hq:310,0.05,cm_spectral_repeat_k10,ddrm,29.76580810546875,0.8053449988365173,,50,10.17184703471139,1302023680,NVIDIA A100-SXM4-80GB,6451160f1d3085309b6cf26f6028abf3a70f1279e1491ea33ac11c908d2e57b5
face,celeba-hq:310,0.05,cm_spectral_repeat_k5,ddrm,29.765392303466797,0.8032448291778564,,25,9.534908592235297,1302023680,NVIDIA A100-SXM4-80GB,6451160f1d3085309b6cf26f6028abf3a70f1279e1491ea33ac11c908d2e57b5
face,celeba-hq:310,0.05,uniform,ddrm,23.512073516845703,0.5674834847450256,,0,0.9411896378733218,927876608,NVIDIA A100-SXM4-80GB,6451160f1d3085309b6cf26f6028abf3a70f1279e1491ea33ac11c908d2e57b5
face,celeba-hq:310,0.05,variable_density,ddrm,26.607162475585938,0.6777831315994263,,0,1.131480639334768,930564096,NVIDIA A100-SXM4-80GB,6451160f1d3085309b6cf26f6028abf3a70f1279e1491ea33ac11c908d2e57b5
face,celeba-hq:310,0.1,adasense_matched,ddrm,32.367095947265625,0.8845672011375427,,1000,28.022657667752355,3943142400,NVIDIA A40,0e7313089e540a64c680a96abfcbb657a957182ec4b6fb6fd035fb890e680b70
face,celeba-hq:310,0.1,ads_matched,ddrm,31.401187896728516,0.8566932678222656,,80032,2136.842452384066,36316853760,NVIDIA A40,0e7313089e540a64c680a96abfcbb657a957182ec4b6fb6fd035fb890e680b70
face,celeba-hq:310,0.1,cm_spectral_once_k1,ddrm,31.198745727539062,0.8446170687675476,,1,3.544468607287854,1331321856,NVIDIA A40,0e7313089e540a64c680a96abfcbb657a957182ec4b6fb6fd035fb890e680b70
face,celeba-hq:310,0.1,cm_spectral_repeat_k1,ddrm,30.942535400390625,0.8408029079437256,,5,11.827378194313496,1333222912,NVIDIA A40,0e7313089e540a64c680a96abfcbb657a957182ec4b6fb6fd035fb890e680b70
face,celeba-hq:310,0.1,cm_spectral_repeat_k10,ddrm,31.949710845947266,0.8715786337852478,,50,13.325774843804538,1335582208,NVIDIA A40,0e7313089e540a64c680a96abfcbb657a957182ec4b6fb6fd035fb890e680b70
face,celeba-hq:310,0.1,cm_spectral_repeat_k5,ddrm,31.79153060913086,0.8682684898376465,,25,12.341840978711843,1335582208,NVIDIA A40,0e7313089e540a64c680a96abfcbb657a957182ec4b6fb6fd035fb890e680b70
face,celeba-hq:310,0.1,uniform,ddrm,27.047393798828125,0.6983269453048706,,0,1.6363650648854673,927876608,NVIDIA A40,0e7313089e540a64c680a96abfcbb657a957182ec4b6fb6fd035fb890e680b70
face,celeba-hq:310,0.1,variable_density,ddrm,29.061885833740234,0.765268862247467,,0,1.9372826381586492,930564096,NVIDIA A40,0e7313089e540a64c680a96abfcbb657a957182ec4b6fb6fd035fb890e680b70
face,celeba-hq:310,0.25,adasense_matched,ddrm,36.17688751220703,0.9498457312583923,,1000,28.383863187860698,3943142400,NVIDIA A40,0c223454da9b1b5463eec90ba4d0bc388ba4caf77356e3bb662e2574ef8aa146
face,celeba-hq:310,0.25,ads_matched,ddrm,34.45220947265625,0.9197628498077393,,80032,2137.246320601087,36316853760,NVIDIA A40,0c223454da9b1b5463eec90ba4d0bc388ba4caf77356e3bb662e2574ef8aa146
face,celeba-hq:310,0.25,cm_spectral_once_k1,ddrm,33.90951156616211,0.9060983061790466,,1,3.8428520364686847,1331321856,NVIDIA A40,0c223454da9b1b5463eec90ba4d0bc388ba4caf77356e3bb662e2574ef8aa146
face,celeba-hq:310,0.25,cm_spectral_repeat_k1,ddrm,33.873992919921875,0.9085216522216797,,5,11.930927740875632,1333222912,NVIDIA A40,0c223454da9b1b5463eec90ba4d0bc388ba4caf77356e3bb662e2574ef8aa146
face,celeba-hq:310,0.25,cm_spectral_repeat_k10,ddrm,35.81159591674805,0.9434099197387695,,50,13.388519605621696,1335582208,NVIDIA A40,0c223454da9b1b5463eec90ba4d0bc388ba4caf77356e3bb662e2574ef8aa146
face,celeba-hq:310,0.25,cm_spectral_repeat_k5,ddrm,35.78364181518555,0.9427922964096069,,25,12.723412704188377,1335582208,NVIDIA A40,0c223454da9b1b5463eec90ba4d0bc388ba4caf77356e3bb662e2574ef8aa146
face,celeba-hq:310,0.25,uniform,ddrm,30.89223861694336,0.8233088254928589,,0,1.99312977027148,927876608,NVIDIA A40,0c223454da9b1b5463eec90ba4d0bc388ba4caf77356e3bb662e2574ef8aa146
face,celeba-hq:310,0.25,variable_density,ddrm,32.71571731567383,0.8700106143951416,,0,2.1349981618113816,930564096,NVIDIA A40,0c223454da9b1b5463eec90ba4d0bc388ba4caf77356e3bb662e2574ef8aa146
face,celeba-hq:327,0.05,adasense_matched,ddrm,29.27021026611328,0.859298050403595,,1000,12.965858732815832,3943142400,NVIDIA A100 80GB PCIe,a067e7cae664fa3c182e4b66b667ca162ed96bbb2519fa4182146f20e730fbd9
face,celeba-hq:327,0.05,ads_matched,ddrm,28.952945709228516,0.8645110130310059,,80032,935.6581973708235,36316853760,NVIDIA A100 80GB PCIe,a067e7cae664fa3c182e4b66b667ca162ed96bbb2519fa4182146f20e730fbd9
face,celeba-hq:327,0.05,cm_spectral_once_k1,ddrm,28.864181518554688,0.8509709239006042,,1,2.5202968306839466,1297763328,NVIDIA A100 80GB PCIe,a067e7cae664fa3c182e4b66b667ca162ed96bbb2519fa4182146f20e730fbd9
face,celeba-hq:327,0.05,cm_spectral_repeat_k1,ddrm,28.786235809326172,0.8560395836830139,,5,9.184546860866249,1299664384,NVIDIA A100 80GB PCIe,a067e7cae664fa3c182e4b66b667ca162ed96bbb2519fa4182146f20e730fbd9
face,celeba-hq:327,0.05,cm_spectral_repeat_k10,ddrm,29.027904510498047,0.8559173941612244,,50,9.953607357572764,1302023680,NVIDIA A100 80GB PCIe,a067e7cae664fa3c182e4b66b667ca162ed96bbb2519fa4182146f20e730fbd9
face,celeba-hq:327,0.05,cm_spectral_repeat_k5,ddrm,28.965316772460938,0.8550118803977966,,25,9.572596583981067,1302023680,NVIDIA A100 80GB PCIe,a067e7cae664fa3c182e4b66b667ca162ed96bbb2519fa4182146f20e730fbd9
face,celeba-hq:327,0.05,uniform,ddrm,23.31230926513672,0.6868025064468384,,0,0.8980776332318783,927876608,NVIDIA A100 80GB PCIe,a067e7cae664fa3c182e4b66b667ca162ed96bbb2519fa4182146f20e730fbd9
face,celeba-hq:327,0.05,variable_density,ddrm,25.810306549072266,0.7446098923683167,,0,1.0919079771265388,930564096,NVIDIA A100 80GB PCIe,a067e7cae664fa3c182e4b66b667ca162ed96bbb2519fa4182146f20e730fbd9
face,celeba-hq:327,0.1,adasense_matched,ddrm,31.60385513305664,0.9079675078392029,,1000,12.023019323125482,3943142400,NVIDIA A100-SXM4-80GB,144117d7679b101f59db6dca9fed0dacb84a46982d824d23bb1f6e00b7d11633
face,celeba-hq:327,0.1,ads_matched,ddrm,31.289546966552734,0.9065632820129395,,80032,859.190871339757,36316853760,NVIDIA A100-SXM4-80GB,144117d7679b101f59db6dca9fed0dacb84a46982d824d23bb1f6e00b7d11633
face,celeba-hq:327,0.1,cm_spectral_once_k1,ddrm,31.002483367919922,0.8867354989051819,,1,2.7309306510724127,1297763328,NVIDIA A100-SXM4-80GB,144117d7679b101f59db6dca9fed0dacb84a46982d824d23bb1f6e00b7d11633
face,celeba-hq:327,0.1,cm_spectral_repeat_k1,ddrm,30.754302978515625,0.8902146220207214,,5,9.890200913418084,1299664384,NVIDIA A100-SXM4-80GB,144117d7679b101f59db6dca9fed0dacb84a46982d824d23bb1f6e00b7d11633
face,celeba-hq:327,0.1,cm_spectral_repeat_k10,ddrm,31.505218505859375,0.9050808548927307,,50,10.81630245083943,1302023680,NVIDIA A100-SXM4-80GB,144117d7679b101f59db6dca9fed0dacb84a46982d824d23bb1f6e00b7d11633
face,celeba-hq:327,0.1,cm_spectral_repeat_k5,ddrm,31.46792221069336,0.9040306210517883,,25,10.209577796980739,1302023680,NVIDIA A100-SXM4-80GB,144117d7679b101f59db6dca9fed0dacb84a46982d824d23bb1f6e00b7d11633
face,celeba-hq:327,0.1,uniform,ddrm,26.09154510498047,0.7393757104873657,,0,1.025122017133981,927876608,NVIDIA A100-SXM4-80GB,144117d7679b101f59db6dca9fed0dacb84a46982d824d23bb1f6e00b7d11633
face,celeba-hq:327,0.1,variable_density,ddrm,28.340373992919922,0.7905407547950745,,0,1.202183281071484,930564096,NVIDIA A100-SXM4-80GB,144117d7679b101f59db6dca9fed0dacb84a46982d824d23bb1f6e00b7d11633
face,celeba-hq:327,0.25,adasense_matched,ddrm,35.97402572631836,0.9601988792419434,,1000,28.355360864195973,3943142400,NVIDIA A40,7e84e72bcf752032dc562390c15979d45603977a6d6d1b6cd471adf92a030c73
face,celeba-hq:327,0.25,ads_matched,ddrm,34.718788146972656,0.9356898665428162,,80032,2137.124667031225,36316853760,NVIDIA A40,7e84e72bcf752032dc562390c15979d45603977a6d6d1b6cd471adf92a030c73
face,celeba-hq:327,0.25,cm_spectral_once_k1,ddrm,32.983131408691406,0.8970853686332703,,1,3.908759567886591,1331321856,NVIDIA A40,7e84e72bcf752032dc562390c15979d45603977a6d6d1b6cd471adf92a030c73
face,celeba-hq:327,0.25,cm_spectral_repeat_k1,ddrm,33.87254333496094,0.9249608516693115,,5,12.133472266141325,1333222912,NVIDIA A40,7e84e72bcf752032dc562390c15979d45603977a6d6d1b6cd471adf92a030c73
face,celeba-hq:327,0.25,cm_spectral_repeat_k10,ddrm,35.87972640991211,0.9533652663230896,,50,13.622304141521454,1335582208,NVIDIA A40,7e84e72bcf752032dc562390c15979d45603977a6d6d1b6cd471adf92a030c73
face,celeba-hq:327,0.25,cm_spectral_repeat_k5,ddrm,35.866981506347656,0.9549052119255066,,25,12.917305174283683,1335582208,NVIDIA A40,7e84e72bcf752032dc562390c15979d45603977a6d6d1b6cd471adf92a030c73
face,celeba-hq:327,0.25,uniform,ddrm,30.550655364990234,0.8285269141197205,,0,2.0164044266566634,927876608,NVIDIA A40,7e84e72bcf752032dc562390c15979d45603977a6d6d1b6cd471adf92a030c73
face,celeba-hq:327,0.25,variable_density,ddrm,32.44068145751953,0.8688161969184875,,0,2.1364808357320726,930564096,NVIDIA A40,7e84e72bcf752032dc562390c15979d45603977a6d6d1b6cd471adf92a030c73
face,celeba-hq:429,0.05,adasense_matched,ddrm,30.356582641601562,0.8041980862617493,,1000,12.950707990210503,3943142400,NVIDIA A100 80GB PCIe,7404d31cc181da600bd0259e96bdd9e43b86c919181975e0f68aa36083fb82e2
face,celeba-hq:429,0.05,ads_matched,ddrm,29.55538558959961,0.7681844830513,,80032,934.3735291468911,36316853760,NVIDIA A100 80GB PCIe,7404d31cc181da600bd0259e96bdd9e43b86c919181975e0f68aa36083fb82e2
face,celeba-hq:429,0.05,cm_spectral_once_k1,ddrm,29.446182250976562,0.7603952884674072,,1,2.4704484259709716,1297763328,NVIDIA A100 80GB PCIe,7404d31cc181da600bd0259e96bdd9e43b86c919181975e0f68aa36083fb82e2
face,celeba-hq:429,0.05,cm_spectral_repeat_k1,ddrm,29.684085845947266,0.7738767862319946,,5,9.02047483669594,1299664384,NVIDIA A100 80GB PCIe,7404d31cc181da600bd0259e96bdd9e43b86c919181975e0f68aa36083fb82e2
face,celeba-hq:429,0.05,cm_spectral_repeat_k10,ddrm,30.200672149658203,0.7952810525894165,,50,9.77881577797234,1302023680,NVIDIA A100 80GB PCIe,7404d31cc181da600bd0259e96bdd9e43b86c919181975e0f68aa36083fb82e2
face,celeba-hq:429,0.05,cm_spectral_repeat_k5,ddrm,30.11172866821289,0.7918110489845276,,25,9.431264006532729,1302023680,NVIDIA A100 80GB PCIe,7404d31cc181da600bd0259e96bdd9e43b86c919181975e0f68aa36083fb82e2
face,celeba-hq:429,0.05,uniform,ddrm,25.253658294677734,0.5863255262374878,,0,0.942597194109112,927876608,NVIDIA A100 80GB PCIe,7404d31cc181da600bd0259e96bdd9e43b86c919181975e0f68aa36083fb82e2
face,celeba-hq:429,0.05,variable_density,ddrm,25.935771942138672,0.6127045750617981,,0,1.1232372168451548,930564096,NVIDIA A100 80GB PCIe,7404d31cc181da600bd0259e96bdd9e43b86c919181975e0f68aa36083fb82e2
face,celeba-hq:429,0.1,adasense_matched,ddrm,32.54385757446289,0.8691657185554504,,1000,28.062285274267197,3943142400,NVIDIA A40,78f3c44e07800da5e578b2e60a3a13622a977b55a85803fc2ab758c787522496
face,celeba-hq:429,0.1,ads_matched,ddrm,31.288597106933594,0.8282203674316406,,80032,2137.1715838569216,36316853760,NVIDIA A40,78f3c44e07800da5e578b2e60a3a13622a977b55a85803fc2ab758c787522496
face,celeba-hq:429,0.1,cm_spectral_once_k1,ddrm,30.919151306152344,0.8082146048545837,,1,3.5446247146464884,1331321856,NVIDIA A40,78f3c44e07800da5e578b2e60a3a13622a977b55a85803fc2ab758c787522496
face,celeba-hq:429,0.1,cm_spectral_repeat_k1,ddrm,31.4503173828125,0.8325378894805908,,5,11.88042270950973,1333222912,NVIDIA A40,78f3c44e07800da5e578b2e60a3a13622a977b55a85803fc2ab758c787522496
face,celeba-hq:429,0.1,cm_spectral_repeat_k10,ddrm,32.32539749145508,0.8597472906112671,,50,13.352212312165648,1335582208,NVIDIA A40,78f3c44e07800da5e578b2e60a3a13622a977b55a85803fc2ab758c787522496
face,celeba-hq:429,0.1,cm_spectral_repeat_k5,ddrm,32.374961853027344,0.8621533513069153,,25,12.388690205756575,1335582208,NVIDIA A40,78f3c44e07800da5e578b2e60a3a13622a977b55a85803fc2ab758c787522496
face,celeba-hq:429,0.1,uniform,ddrm,27.629459381103516,0.672905683517456,,0,1.6473637707531452,927876608,NVIDIA A40,78f3c44e07800da5e578b2e60a3a13622a977b55a85803fc2ab758c787522496
face,celeba-hq:429,0.1,variable_density,ddrm,29.183101654052734,0.7309168577194214,,0,1.9345238679088652,930564096,NVIDIA A40,78f3c44e07800da5e578b2e60a3a13622a977b55a85803fc2ab758c787522496
face,celeba-hq:429,0.25,adasense_matched,ddrm,36.29634475708008,0.9419084787368774,,1000,28.228082466870546,3943142400,NVIDIA A40,f2c9a773c7d5f1f76f7e5f28cd417e268dc382153cb5d0dc587009613fadd276
face,celeba-hq:429,0.25,ads_matched,ddrm,33.72215270996094,0.8874677419662476,,80032,2137.567374256905,36316853760,NVIDIA A40,f2c9a773c7d5f1f76f7e5f28cd417e268dc382153cb5d0dc587009613fadd276
face,celeba-hq:429,0.25,cm_spectral_once_k1,ddrm,33.265220642089844,0.8713997006416321,,1,3.81704395217821,1331321856,NVIDIA A40,f2c9a773c7d5f1f76f7e5f28cd417e268dc382153cb5d0dc587009613fadd276
face,celeba-hq:429,0.25,cm_spectral_repeat_k1,ddrm,33.38786315917969,0.879280686378479,,5,11.940922479145229,1333222912,NVIDIA A40,f2c9a773c7d5f1f76f7e5f28cd417e268dc382153cb5d0dc587009613fadd276
face,celeba-hq:429,0.25,cm_spectral_repeat_k10,ddrm,36.04703903198242,0.9360710978507996,,50,13.422849831636995,1335582208,NVIDIA A40,f2c9a773c7d5f1f76f7e5f28cd417e268dc382153cb5d0dc587009613fadd276
face,celeba-hq:429,0.25,cm_spectral_repeat_k5,ddrm,36.04704284667969,0.9360003471374512,,25,12.75875416630879,1335582208,NVIDIA A40,f2c9a773c7d5f1f76f7e5f28cd417e268dc382153cb5d0dc587009613fadd276
face,celeba-hq:429,0.25,uniform,ddrm,30.891193389892578,0.7880073189735413,,0,1.971780945546925,927876608,NVIDIA A40,f2c9a773c7d5f1f76f7e5f28cd417e268dc382153cb5d0dc587009613fadd276
face,celeba-hq:429,0.25,variable_density,ddrm,32.629878997802734,0.8432945013046265,,0,2.1022414192557335,930564096,NVIDIA A40,f2c9a773c7d5f1f76f7e5f28cd417e268dc382153cb5d0dc587009613fadd276
face,celeba-hq:596,0.05,adasense_matched,ddrm,31.932697296142578,0.8836118578910828,,1000,28.0112872752361,3943142400,NVIDIA A40,dc239b2a49efe00e6df7471523ac7e7efc86bf54733ab7b13b9db3906f810909
face,celeba-hq:596,0.05,ads_matched,ddrm,31.44402313232422,0.8756988048553467,,80032,2137.2727411841042,36316853760,NVIDIA A40,dc239b2a49efe00e6df7471523ac7e7efc86bf54733ab7b13b9db3906f810909
face,celeba-hq:596,0.05,cm_spectral_once_k1,ddrm,31.49496078491211,0.872002899646759,,1,3.530346625484526,1331321856,NVIDIA A40,dc239b2a49efe00e6df7471523ac7e7efc86bf54733ab7b13b9db3906f810909
face,celeba-hq:596,0.05,cm_spectral_repeat_k1,ddrm,31.41675567626953,0.873328447341919,,5,11.99694207124412,1333222912,NVIDIA A40,dc239b2a49efe00e6df7471523ac7e7efc86bf54733ab7b13b9db3906f810909
face,celeba-hq:596,0.05,cm_spectral_repeat_k10,ddrm,31.670448303222656,0.8777056932449341,,50,13.442810334730893,1335582208,NVIDIA A40,dc239b2a49efe00e6df7471523ac7e7efc86bf54733ab7b13b9db3906f810909
face,celeba-hq:596,0.05,cm_spectral_repeat_k5,ddrm,31.68480682373047,0.8786713480949402,,25,12.492964472156018,1335582208,NVIDIA A40,dc239b2a49efe00e6df7471523ac7e7efc86bf54733ab7b13b9db3906f810909
face,celeba-hq:596,0.05,uniform,ddrm,24.665550231933594,0.6906996369361877,,0,1.5561394318938255,927876608,NVIDIA A40,dc239b2a49efe00e6df7471523ac7e7efc86bf54733ab7b13b9db3906f810909
face,celeba-hq:596,0.05,variable_density,ddrm,27.452999114990234,0.7652617692947388,,0,1.8199747786857188,930564096,NVIDIA A40,dc239b2a49efe00e6df7471523ac7e7efc86bf54733ab7b13b9db3906f810909
face,celeba-hq:596,0.1,adasense_matched,ddrm,34.00090408325195,0.9235979914665222,,1000,28.02906092396006,3943142400,NVIDIA A40,f4e7f86a2a11c72fa599cfd934539a5cf4bdcfe3e51845c8608cfcbd0ff3283b
face,celeba-hq:596,0.1,ads_matched,ddrm,33.101905822753906,0.9073927402496338,,80032,2137.2750389431603,36316853760,NVIDIA A40,f4e7f86a2a11c72fa599cfd934539a5cf4bdcfe3e51845c8608cfcbd0ff3283b
face,celeba-hq:596,0.1,cm_spectral_once_k1,ddrm,32.84306335449219,0.8945215344429016,,1,3.5232925680465996,1331321856,NVIDIA A40,f4e7f86a2a11c72fa599cfd934539a5cf4bdcfe3e51845c8608cfcbd0ff3283b
face,celeba-hq:596,0.1,cm_spectral_repeat_k1,ddrm,32.867488861083984,0.9000133275985718,,5,11.824842206668109,1333222912,NVIDIA A40,f4e7f86a2a11c72fa599cfd934539a5cf4bdcfe3e51845c8608cfcbd0ff3283b
face,celeba-hq:596,0.1,cm_spectral_repeat_k10,ddrm,33.85061264038086,0.9175484776496887,,50,13.333102849312127,1335582208,NVIDIA A40,f4e7f86a2a11c72fa599cfd934539a5cf4bdcfe3e51845c8608cfcbd0ff3283b
face,celeba-hq:596,0.1,cm_spectral_repeat_k5,ddrm,33.7940673828125,0.9174199104309082,,25,12.369805342052132,1335582208,NVIDIA A40,f4e7f86a2a11c72fa599cfd934539a5cf4bdcfe3e51845c8608cfcbd0ff3283b
face,celeba-hq:596,0.1,uniform,ddrm,28.686546325683594,0.7902746200561523,,0,1.643262155354023,927876608,NVIDIA A40,f4e7f86a2a11c72fa599cfd934539a5cf4bdcfe3e51845c8608cfcbd0ff3283b
face,celeba-hq:596,0.1,variable_density,ddrm,30.799762725830078,0.8349691033363342,,0,1.9440847113728523,930564096,NVIDIA A40,f4e7f86a2a11c72fa599cfd934539a5cf4bdcfe3e51845c8608cfcbd0ff3283b
face,celeba-hq:596,0.25,adasense_matched,ddrm,37.917869567871094,0.9658753871917725,,1000,28.425567312631756,3943142400,NVIDIA A40,7f386454e78938d72119eda97bf95ae75ec5f595b077a594150c54271d407ce4
face,celeba-hq:596,0.25,ads_matched,ddrm,36.32023239135742,0.9437567591667175,,80032,2137.4479229478166,36316853760,NVIDIA A40,7f386454e78938d72119eda97bf95ae75ec5f595b077a594150c54271d407ce4
face,celeba-hq:596,0.25,cm_spectral_once_k1,ddrm,35.977210998535156,0.9341468811035156,,1,3.9608141211792827,1331321856,NVIDIA A40,7f386454e78938d72119eda97bf95ae75ec5f595b077a594150c54271d407ce4
face,celeba-hq:596,0.25,cm_spectral_repeat_k1,ddrm,35.63572692871094,0.9320374727249146,,5,12.120067871175706,1333222912,NVIDIA A40,7f386454e78938d72119eda97bf95ae75ec5f595b077a594150c54271d407ce4
face,celeba-hq:596,0.25,cm_spectral_repeat_k10,ddrm,37.67683410644531,0.9610464572906494,,50,13.629764758981764,1335582208,NVIDIA A40,7f386454e78938d72119eda97bf95ae75ec5f595b077a594150c54271d407ce4
face,celeba-hq:596,0.25,cm_spectral_repeat_k5,ddrm,37.652015686035156,0.9609648585319519,,25,12.935719769913703,1335582208,NVIDIA A40,7f386454e78938d72119eda97bf95ae75ec5f595b077a594150c54271d407ce4
face,celeba-hq:596,0.25,uniform,ddrm,32.64385223388672,0.8678267002105713,,0,2.040749790146947,927876608,NVIDIA A40,7f386454e78938d72119eda97bf95ae75ec5f595b077a594150c54271d407ce4
face,celeba-hq:596,0.25,variable_density,ddrm,34.64441680908203,0.9045448303222656,,0,2.2291073123924434,930564096,NVIDIA A40,7f386454e78938d72119eda97bf95ae75ec5f595b077a594150c54271d407ce4
face,celeba-hq:66,0.05,adasense_matched,ddrm,32.585105895996094,0.869793176651001,,1000,28.179466917179525,3943142400,NVIDIA A40,15518731202ae0e421b0f47c8b5119bd8830433f5b43c6ae399cd5786bee1f91
face,celeba-hq:66,0.05,ads_matched,ddrm,32.50983428955078,0.8678730726242065,,80032,2137.1353040640242,36316853760,NVIDIA A40,15518731202ae0e421b0f47c8b5119bd8830433f5b43c6ae399cd5786bee1f91
face,celeba-hq:66,0.05,cm_spectral_once_k1,ddrm,32.28431701660156,0.855752170085907,,1,3.5933536044321954,1331321856,NVIDIA A40,15518731202ae0e421b0f47c8b5119bd8830433f5b43c6ae399cd5786bee1f91
face,celeba-hq:66,0.05,cm_spectral_repeat_k1,ddrm,32.0867919921875,0.8529523611068726,,5,12.136943239253014,1333222912,NVIDIA A40,15518731202ae0e421b0f47c8b5119bd8830433f5b43c6ae399cd5786bee1f91
face,celeba-hq:66,0.05,cm_spectral_repeat_k10,ddrm,32.36381149291992,0.861293375492096,,50,13.500787431374192,1335582208,NVIDIA A40,15518731202ae0e421b0f47c8b5119bd8830433f5b43c6ae399cd5786bee1f91
face,celeba-hq:66,0.05,cm_spectral_repeat_k5,ddrm,32.28435134887695,0.858618974685669,,25,12.805677456781268,1335582208,NVIDIA A40,15518731202ae0e421b0f47c8b5119bd8830433f5b43c6ae399cd5786bee1f91
face,celeba-hq:66,0.05,uniform,ddrm,26.80495834350586,0.7211960554122925,,0,1.54395482968539,927876608,NVIDIA A40,15518731202ae0e421b0f47c8b5119bd8830433f5b43c6ae399cd5786bee1f91
face,celeba-hq:66,0.05,variable_density,ddrm,28.433330535888672,0.7603824734687805,,0,1.866641400847584,930564096,NVIDIA A40,15518731202ae0e421b0f47c8b5119bd8830433f5b43c6ae399cd5786bee1f91
face,celeba-hq:66,0.1,adasense_matched,ddrm,34.78559494018555,0.9132626056671143,,1000,12.088963036891073,3943142400,NVIDIA A100-SXM4-80GB,639800a6e3cfecd19c943675d3f4a383de4686fda6af91423294481ac344f91d
face,celeba-hq:66,0.1,ads_matched,ddrm,34.617286682128906,0.9106405377388,,80032,861.5966529599391,36316853760,NVIDIA A100-SXM4-80GB,639800a6e3cfecd19c943675d3f4a383de4686fda6af91423294481ac344f91d
face,celeba-hq:66,0.1,cm_spectral_once_k1,ddrm,33.493412017822266,0.8822721838951111,,1,2.5695485011674464,1297763328,NVIDIA A100-SXM4-80GB,639800a6e3cfecd19c943675d3f4a383de4686fda6af91423294481ac344f91d
face,celeba-hq:66,0.1,cm_spectral_repeat_k1,ddrm,33.766727447509766,0.8894540667533875,,5,9.428997169714421,1299664384,NVIDIA A100-SXM4-80GB,639800a6e3cfecd19c943675d3f4a383de4686fda6af91423294481ac344f91d
face,celeba-hq:66,0.1,cm_spectral_repeat_k10,ddrm,34.55874252319336,0.907433807849884,,50,10.291654002852738,1302023680,NVIDIA A100-SXM4-80GB,639800a6e3cfecd19c943675d3f4a383de4686fda6af91423294481ac344f91d
face,celeba-hq:66,0.1,cm_spectral_repeat_k5,ddrm,34.51610565185547,0.9069225788116455,,25,9.657380652613938,1302023680,NVIDIA A100-SXM4-80GB,639800a6e3cfecd19c943675d3f4a383de4686fda6af91423294481ac344f91d
face,celeba-hq:66,0.1,uniform,ddrm,29.17603302001953,0.7814317345619202,,0,1.0657665920443833,927876608,NVIDIA A100-SXM4-80GB,639800a6e3cfecd19c943675d3f4a383de4686fda6af91423294481ac344f91d
face,celeba-hq:66,0.1,variable_density,ddrm,31.012229919433594,0.8203773498535156,,0,1.253748308867216,930564096,NVIDIA A100-SXM4-80GB,639800a6e3cfecd19c943675d3f4a383de4686fda6af91423294481ac344f91d
face,celeba-hq:66,0.25,adasense_matched,ddrm,38.32796859741211,0.9592016935348511,,1000,12.174162704031914,3943142400,NVIDIA A100-SXM4-80GB,bc1aa3f0d2df83728c6693830762f6b5d132b406e7bd969c6d0d9329cc841ee7
face,celeba-hq:66,0.25,ads_matched,ddrm,37.27198028564453,0.9432398676872253,,80032,861.7139211012982,36316853760,NVIDIA A100-SXM4-80GB,bc1aa3f0d2df83728c6693830762f6b5d132b406e7bd969c6d0d9329cc841ee7
face,celeba-hq:66,0.25,cm_spectral_once_k1,ddrm,36.22667694091797,0.9243242144584656,,1,2.854479161091149,1297763328,NVIDIA A100-SXM4-80GB,bc1aa3f0d2df83728c6693830762f6b5d132b406e7bd969c6d0d9329cc841ee7
face,celeba-hq:66,0.25,cm_spectral_repeat_k1,ddrm,36.52139663696289,0.9313868284225464,,5,9.663585427217185,1299664384,NVIDIA A100-SXM4-80GB,bc1aa3f0d2df83728c6693830762f6b5d132b406e7bd969c6d0d9329cc841ee7
face,celeba-hq:66,0.25,cm_spectral_repeat_k10,ddrm,38.14723205566406,0.9552959203720093,,50,10.500855181366205,1302023680,NVIDIA A100-SXM4-80GB,bc1aa3f0d2df83728c6693830762f6b5d132b406e7bd969c6d0d9329cc841ee7
face,celeba-hq:66,0.25,cm_spectral_repeat_k5,ddrm,38.15618896484375,0.9549943804740906,,25,10.135954657569528,1302023680,NVIDIA A100-SXM4-80GB,bc1aa3f0d2df83728c6693830762f6b5d132b406e7bd969c6d0d9329cc841ee7
face,celeba-hq:66,0.25,uniform,ddrm,32.653934478759766,0.852080762386322,,0,1.3229759237729013,927876608,NVIDIA A100-SXM4-80GB,bc1aa3f0d2df83728c6693830762f6b5d132b406e7bd969c6d0d9329cc841ee7
face,celeba-hq:66,0.25,variable_density,ddrm,34.53559112548828,0.8894669413566589,,0,1.4186625489965081,930564096,NVIDIA A100-SXM4-80GB,bc1aa3f0d2df83728c6693830762f6b5d132b406e7bd969c6d0d9329cc841ee7
face,celeba-hq:67,0.05,adasense_matched,ddrm,36.341522216796875,0.9587125182151794,,1000,28.052012727595866,3943142400,NVIDIA A40,4657f49e64e2d055d2c33c2053c36a68f244c4154e71d9aad8f6750901b06318
face,celeba-hq:67,0.05,ads_matched,ddrm,36.11847686767578,0.9581466317176819,,80032,2138.6584272137843,36316853760,NVIDIA A40,4657f49e64e2d055d2c33c2053c36a68f244c4154e71d9aad8f6750901b06318
face,celeba-hq:67,0.05,cm_spectral_once_k1,ddrm,36.10788345336914,0.9555705189704895,,1,3.502803098410368,1331321856,NVIDIA A40,4657f49e64e2d055d2c33c2053c36a68f244c4154e71d9aad8f6750901b06318
face,celeba-hq:67,0.05,cm_spectral_repeat_k1,ddrm,35.9458122253418,0.9554712176322937,,5,11.950346319936216,1333222912,NVIDIA A40,4657f49e64e2d055d2c33c2053c36a68f244c4154e71d9aad8f6750901b06318
face,celeba-hq:67,0.05,cm_spectral_repeat_k10,ddrm,36.25021743774414,0.9573506116867065,,50,13.368287519086152,1335582208,NVIDIA A40,4657f49e64e2d055d2c33c2053c36a68f244c4154e71d9aad8f6750901b06318
face,celeba-hq:67,0.05,cm_spectral_repeat_k5,ddrm,36.19252395629883,0.9573351144790649,,25,12.408410250674933,1335582208,NVIDIA A40,4657f49e64e2d055d2c33c2053c36a68f244c4154e71d9aad8f6750901b06318
face,celeba-hq:67,0.05,uniform,ddrm,31.381938934326172,0.9058618545532227,,0,1.6676955469883978,927876608,NVIDIA A40,4657f49e64e2d055d2c33c2053c36a68f244c4154e71d9aad8f6750901b06318
face,celeba-hq:67,0.05,variable_density,ddrm,32.66429901123047,0.9190599322319031,,0,1.8349370090290904,930564096,NVIDIA A40,4657f49e64e2d055d2c33c2053c36a68f244c4154e71d9aad8f6750901b06318
face,celeba-hq:67,0.1,adasense_matched,ddrm,38.29821014404297,0.9709531664848328,,1000,28.141995571088046,3943142400,NVIDIA A40,9d385f9e06709921137d3a9f498b0963048c26ead3f1d8fddd02d14b2ea44670
face,celeba-hq:67,0.1,ads_matched,ddrm,37.679447174072266,0.9668542742729187,,80032,2137.659528754186,36316853760,NVIDIA A40,9d385f9e06709921137d3a9f498b0963048c26ead3f1d8fddd02d14b2ea44670
face,celeba-hq:67,0.1,cm_spectral_once_k1,ddrm,37.268550872802734,0.9611506462097168,,1,3.545156567823142,1331321856,NVIDIA A40,9d385f9e06709921137d3a9f498b0963048c26ead3f1d8fddd02d14b2ea44670
face,celeba-hq:67,0.1,cm_spectral_repeat_k1,ddrm,37.71987533569336,0.9666128158569336,,5,12.02503668051213,1333222912,NVIDIA A40,9d385f9e06709921137d3a9f498b0963048c26ead3f1d8fddd02d14b2ea44670
face,celeba-hq:67,0.1,cm_spectral_repeat_k10,ddrm,37.978759765625,0.967629075050354,,50,13.475510702468455,1335582208,NVIDIA A40,9d385f9e06709921137d3a9f498b0963048c26ead3f1d8fddd02d14b2ea44670
face,celeba-hq:67,0.1,cm_spectral_repeat_k5,ddrm,37.991600036621094,0.96797114610672,,25,12.518105772323906,1335582208,NVIDIA A40,9d385f9e06709921137d3a9f498b0963048c26ead3f1d8fddd02d14b2ea44670
face,celeba-hq:67,0.1,uniform,ddrm,33.5118408203125,0.9248970746994019,,0,1.7074160040356219,927876608,NVIDIA A40,9d385f9e06709921137d3a9f498b0963048c26ead3f1d8fddd02d14b2ea44670
face,celeba-hq:67,0.1,variable_density,ddrm,35.158565521240234,0.9385866522789001,,0,1.96853459905833,930564096,NVIDIA A40,9d385f9e06709921137d3a9f498b0963048c26ead3f1d8fddd02d14b2ea44670
face,celeba-hq:67,0.25,adasense_matched,ddrm,41.751041412353516,0.9835429787635803,,1000,13.123275857884437,3943142400,NVIDIA A100 80GB PCIe,4cf7f06fbebe5475ebaa51241607b6c7e91b8b0354a18654ffe3580d79a5506e
face,celeba-hq:67,0.25,ads_matched,ddrm,40.240142822265625,0.9763527512550354,,80032,934.1458793403581,36316853760,NVIDIA A100 80GB PCIe,4cf7f06fbebe5475ebaa51241607b6c7e91b8b0354a18654ffe3580d79a5506e
face,celeba-hq:67,0.25,cm_spectral_once_k1,ddrm,39.275543212890625,0.9686762094497681,,1,2.719842705409974,1297763328,NVIDIA A100 80GB PCIe,4cf7f06fbebe5475ebaa51241607b6c7e91b8b0354a18654ffe3580d79a5506e
face,celeba-hq:67,0.25,cm_spectral_repeat_k1,ddrm,39.682437896728516,0.9731525778770447,,5,9.106431383173913,1299664384,NVIDIA A100 80GB PCIe,4cf7f06fbebe5475ebaa51241607b6c7e91b8b0354a18654ffe3580d79a5506e
face,celeba-hq:67,0.25,cm_spectral_repeat_k10,ddrm,41.65003967285156,0.9832656979560852,,50,9.909032955300063,1302023680,NVIDIA A100 80GB PCIe,4cf7f06fbebe5475ebaa51241607b6c7e91b8b0354a18654ffe3580d79a5506e
face,celeba-hq:67,0.25,cm_spectral_repeat_k5,ddrm,41.61484909057617,0.9833512902259827,,25,9.573356349486858,1302023680,NVIDIA A100 80GB PCIe,4cf7f06fbebe5475ebaa51241607b6c7e91b8b0354a18654ffe3580d79a5506e
face,celeba-hq:67,0.25,uniform,ddrm,36.70902633666992,0.9463967084884644,,0,1.346088089980185,927876608,NVIDIA A100 80GB PCIe,4cf7f06fbebe5475ebaa51241607b6c7e91b8b0354a18654ffe3580d79a5506e
face,celeba-hq:67,0.25,variable_density,ddrm,38.431400299072266,0.9592016935348511,,0,1.3943109191022813,930564096,NVIDIA A100 80GB PCIe,4cf7f06fbebe5475ebaa51241607b6c7e91b8b0354a18654ffe3580d79a5506e
face,celeba-hq:695,0.05,adasense_matched,ddrm,31.31289291381836,0.8430653214454651,,1000,27.970167919062078,3943142400,NVIDIA A40,13c8ced6990f1a21668a0b87701c1e6f18a04f206c7cf0f3b7a72ccaaa8570f1
face,celeba-hq:695,0.05,ads_matched,ddrm,30.948932647705078,0.8316323161125183,,80032,2136.15075764386,36316853760,NVIDIA A40,13c8ced6990f1a21668a0b87701c1e6f18a04f206c7cf0f3b7a72ccaaa8570f1
face,celeba-hq:695,0.05,cm_spectral_once_k1,ddrm,30.985370635986328,0.8290875554084778,,1,3.4725578790530562,1331321856,NVIDIA A40,13c8ced6990f1a21668a0b87701c1e6f18a04f206c7cf0f3b7a72ccaaa8570f1
face,celeba-hq:695,0.05,cm_spectral_repeat_k1,ddrm,30.851810455322266,0.8259292840957642,,5,11.830080937128514,1333222912,NVIDIA A40,13c8ced6990f1a21668a0b87701c1e6f18a04f206c7cf0f3b7a72ccaaa8570f1
face,celeba-hq:695,0.05,cm_spectral_repeat_k10,ddrm,31.057994842529297,0.8340645432472229,,50,13.285491726361215,1335582208,NVIDIA A40,13c8ced6990f1a21668a0b87701c1e6f18a04f206c7cf0f3b7a72ccaaa8570f1
face,celeba-hq:695,0.05,cm_spectral_repeat_k5,ddrm,31.056907653808594,0.8340740203857422,,25,12.330569797195494,1335582208,NVIDIA A40,13c8ced6990f1a21668a0b87701c1e6f18a04f206c7cf0f3b7a72ccaaa8570f1
face,celeba-hq:695,0.05,uniform,ddrm,25.58171844482422,0.6606953144073486,,0,1.522817526012659,927876608,NVIDIA A40,13c8ced6990f1a21668a0b87701c1e6f18a04f206c7cf0f3b7a72ccaaa8570f1
face,celeba-hq:695,0.05,variable_density,ddrm,27.4205322265625,0.7161164879798889,,0,1.8069250569678843,930564096,NVIDIA A40,13c8ced6990f1a21668a0b87701c1e6f18a04f206c7cf0f3b7a72ccaaa8570f1
face,celeba-hq:695,0.1,adasense_matched,ddrm,33.3624267578125,0.8974012732505798,,1000,28.037953915074468,3943142400,NVIDIA A40,15945f9b8de5b9394bbe9d06f2356aa84a154ee06fa183c60f58d54a352f9d97
face,celeba-hq:695,0.1,ads_matched,ddrm,32.438201904296875,0.872809112071991,,80032,2136.919295001775,36316853760,NVIDIA A40,15945f9b8de5b9394bbe9d06f2356aa84a154ee06fa183c60f58d54a352f9d97
face,celeba-hq:695,0.1,cm_spectral_once_k1,ddrm,32.45771408081055,0.8685863018035889,,1,3.5623193867504597,1331321856,NVIDIA A40,15945f9b8de5b9394bbe9d06f2356aa84a154ee06fa183c60f58d54a352f9d97
face,celeba-hq:695,0.1,cm_spectral_repeat_k1,ddrm,32.351165771484375,0.8696694374084473,,5,11.949227300006896,1333222912,NVIDIA A40,15945f9b8de5b9394bbe9d06f2356aa84a154ee06fa183c60f58d54a352f9d97
face,celeba-hq:695,0.1,cm_spectral_repeat_k10,ddrm,32.927764892578125,0.8855754137039185,,50,13.466641917359084,1335582208,NVIDIA A40,15945f9b8de5b9394bbe9d06f2356aa84a154ee06fa183c60f58d54a352f9d97
face,celeba-hq:695,0.1,cm_spectral_repeat_k5,ddrm,32.97366714477539,0.8859851360321045,,25,12.477071102242917,1335582208,NVIDIA A40,15945f9b8de5b9394bbe9d06f2356aa84a154ee06fa183c60f58d54a352f9d97
face,celeba-hq:695,0.1,uniform,ddrm,28.027435302734375,0.733585000038147,,0,1.6346974750049412,927876608,NVIDIA A40,15945f9b8de5b9394bbe9d06f2356aa84a154ee06fa183c60f58d54a352f9d97
face,celeba-hq:695,0.1,variable_density,ddrm,29.999847412109375,0.7895450592041016,,0,1.9573322939686477,930564096,NVIDIA A40,15945f9b8de5b9394bbe9d06f2356aa84a154ee06fa183c60f58d54a352f9d97
face,celeba-hq:695,0.25,adasense_matched,ddrm,36.68244934082031,0.9513523578643799,,1000,28.24017322808504,3943142400,NVIDIA A40,aabec069e92e411e829a6ee4e7246302b2402f5ee83579fcf4983c32a84c8d71
face,celeba-hq:695,0.25,ads_matched,ddrm,35.14883804321289,0.9244108200073242,,80032,2137.0371278761886,36316853760,NVIDIA A40,aabec069e92e411e829a6ee4e7246302b2402f5ee83579fcf4983c32a84c8d71
face,celeba-hq:695,0.25,cm_spectral_once_k1,ddrm,34.44118118286133,0.9062556624412537,,1,3.813493002206087,1331321856,NVIDIA A40,aabec069e92e411e829a6ee4e7246302b2402f5ee83579fcf4983c32a84c8d71
face,celeba-hq:695,0.25,cm_spectral_repeat_k1,ddrm,34.93751525878906,0.9195263981819153,,5,11.755844892468303,1333222912,NVIDIA A40,aabec069e92e411e829a6ee4e7246302b2402f5ee83579fcf4983c32a84c8d71
face,celeba-hq:695,0.25,cm_spectral_repeat_k10,ddrm,36.41683578491211,0.9459956884384155,,50,13.241188170854002,1335582208,NVIDIA A40,aabec069e92e411e829a6ee4e7246302b2402f5ee83579fcf4983c32a84c8d71
face,celeba-hq:695,0.25,cm_spectral_repeat_k5,ddrm,36.421348571777344,0.9459795951843262,,25,12.550410384312272,1335582208,NVIDIA A40,aabec069e92e411e829a6ee4e7246302b2402f5ee83579fcf4983c32a84c8d71
face,celeba-hq:695,0.25,uniform,ddrm,31.888866424560547,0.8392314910888672,,0,1.965106951072812,927876608,NVIDIA A40,aabec069e92e411e829a6ee4e7246302b2402f5ee83579fcf4983c32a84c8d71
face,celeba-hq:695,0.25,variable_density,ddrm,33.57392883300781,0.8792588114738464,,0,2.138264342676848,930564096,NVIDIA A40,aabec069e92e411e829a6ee4e7246302b2402f5ee83579fcf4983c32a84c8d71
face,celeba-hq:768,0.05,adasense_matched,ddrm,32.47309494018555,0.8741792440414429,,1000,28.00934768980369,3943142400,NVIDIA A40,447a178db0194de6cb8b0a3857bdebc8cfe48dff40242018d3fc6b0d247553d0
face,celeba-hq:768,0.05,ads_matched,ddrm,31.820987701416016,0.8595803380012512,,80032,2137.4453063625842,36316853760,NVIDIA A40,447a178db0194de6cb8b0a3857bdebc8cfe48dff40242018d3fc6b0d247553d0
face,celeba-hq:768,0.05,cm_spectral_once_k1,ddrm,31.351146697998047,0.8467634916305542,,1,3.4899590252898633,1331321856,NVIDIA A40,447a178db0194de6cb8b0a3857bdebc8cfe48dff40242018d3fc6b0d247553d0
face,celeba-hq:768,0.05,cm_spectral_repeat_k1,ddrm,31.113189697265625,0.8400035500526428,,5,11.88142082421109,1333222912,NVIDIA A40,447a178db0194de6cb8b0a3857bdebc8cfe48dff40242018d3fc6b0d247553d0
face,celeba-hq:768,0.05,cm_spectral_repeat_k10,ddrm,31.67591094970703,0.8556762337684631,,50,13.328939563129097,1335582208,NVIDIA A40,447a178db0194de6cb8b0a3857bdebc8cfe48dff40242018d3fc6b0d247553d0
face,celeba-hq:768,0.05,cm_spectral_repeat_k5,ddrm,31.752155303955078,0.8576852679252625,,25,12.358864193316549,1335582208,NVIDIA A40,447a178db0194de6cb8b0a3857bdebc8cfe48dff40242018d3fc6b0d247553d0
face,celeba-hq:768,0.05,uniform,ddrm,25.590530395507812,0.6854572892189026,,0,1.509031482040882,927876608,NVIDIA A40,447a178db0194de6cb8b0a3857bdebc8cfe48dff40242018d3fc6b0d247553d0
face,celeba-hq:768,0.05,variable_density,ddrm,28.424102783203125,0.7680712938308716,,0,1.8218651437200606,930564096,NVIDIA A40,447a178db0194de6cb8b0a3857bdebc8cfe48dff40242018d3fc6b0d247553d0
face,celeba-hq:768,0.1,adasense_matched,ddrm,34.43050003051758,0.9126114249229431,,1000,12.007785201072693,3943142400,NVIDIA A100-SXM4-80GB,fa13f55f9fa79ab8541a75066599e6f5f55b5e3eac28cfc8f9c568f92ebaab36
face,celeba-hq:768,0.1,ads_matched,ddrm,33.49284744262695,0.894436240196228,,80032,860.8332098741084,36316853760,NVIDIA A100-SXM4-80GB,fa13f55f9fa79ab8541a75066599e6f5f55b5e3eac28cfc8f9c568f92ebaab36
face,celeba-hq:768,0.1,cm_spectral_once_k1,ddrm,33.08059310913086,0.8845391273498535,,1,2.5127754476852715,1297763328,NVIDIA A100-SXM4-80GB,fa13f55f9fa79ab8541a75066599e6f5f55b5e3eac28cfc8f9c568f92ebaab36
face,celeba-hq:768,0.1,cm_spectral_repeat_k1,ddrm,32.9444465637207,0.8826747536659241,,5,9.21217233967036,1299664384,NVIDIA A100-SXM4-80GB,fa13f55f9fa79ab8541a75066599e6f5f55b5e3eac28cfc8f9c568f92ebaab36
face,celeba-hq:768,0.1,cm_spectral_repeat_k10,ddrm,33.82837677001953,0.9001063108444214,,50,10.09076246060431,1302023680,NVIDIA A100-SXM4-80GB,fa13f55f9fa79ab8541a75066599e6f5f55b5e3eac28cfc8f9c568f92ebaab36
face,celeba-hq:768,0.1,cm_spectral_repeat_k5,ddrm,33.780906677246094,0.8997439742088318,,25,9.43167411070317,1302023680,NVIDIA A100-SXM4-80GB,fa13f55f9fa79ab8541a75066599e6f5f55b5e3eac28cfc8f9c568f92ebaab36
face,celeba-hq:768,0.1,uniform,ddrm,29.148086547851562,0.7878327965736389,,0,1.0126006859354675,927876608,NVIDIA A100-SXM4-80GB,fa13f55f9fa79ab8541a75066599e6f5f55b5e3eac28cfc8f9c568f92ebaab36
face,celeba-hq:768,0.1,variable_density,ddrm,31.37305450439453,0.8337249159812927,,0,1.2292508129030466,930564096,NVIDIA A100-SXM4-80GB,fa13f55f9fa79ab8541a75066599e6f5f55b5e3eac28cfc8f9c568f92ebaab36
face,celeba-hq:768,0.25,adasense_matched,ddrm,37.842933654785156,0.9586937427520752,,1000,12.154177885968238,3943142400,NVIDIA A100-SXM4-80GB,e9e2bc012428dba635c155dec40306c4ff7eff33f3325bb7a88965c125ba8853
face,celeba-hq:768,0.25,ads_matched,ddrm,36.4598274230957,0.9381986856460571,,80032,861.121640350204,36316853760,NVIDIA A100-SXM4-80GB,e9e2bc012428dba635c155dec40306c4ff7eff33f3325bb7a88965c125ba8853
face,celeba-hq:768,0.25,cm_spectral_once_k1,ddrm,34.992881774902344,0.9129733443260193,,1,2.850710503757,1297763328,NVIDIA A100-SXM4-80GB,e9e2bc012428dba635c155dec40306c4ff7eff33f3325bb7a88965c125ba8853
face,celeba-hq:768,0.25,cm_spectral_repeat_k1,ddrm,35.940025329589844,0.9315571784973145,,5,9.38855048501864,1299664384,NVIDIA A100-SXM4-80GB,e9e2bc012428dba635c155dec40306c4ff7eff33f3325bb7a88965c125ba8853
face,celeba-hq:768,0.25,cm_spectral_repeat_k10,ddrm,37.676292419433594,0.9557905197143555,,50,10.226802024524659,1302023680,NVIDIA A100-SXM4-80GB,e9e2bc012428dba635c155dec40306c4ff7eff33f3325bb7a88965c125ba8853
face,celeba-hq:768,0.25,cm_spectral_repeat_k5,ddrm,37.57267379760742,0.9549762606620789,,25,9.900226447265595,1302023680,NVIDIA A100-SXM4-80GB,e9e2bc012428dba635c155dec40306c4ff7eff33f3325bb7a88965c125ba8853
face,celeba-hq:768,0.25,uniform,ddrm,32.94326400756836,0.8710581660270691,,0,1.34360132785514,927876608,NVIDIA A100-SXM4-80GB,e9e2bc012428dba635c155dec40306c4ff7eff33f3325bb7a88965c125ba8853
face,celeba-hq:768,0.25,variable_density,ddrm,34.715702056884766,0.9027588367462158,,0,1.3809274099767208,930564096,NVIDIA A100-SXM4-80GB,e9e2bc012428dba635c155dec40306c4ff7eff33f3325bb7a88965c125ba8853
face,celeba-hq:917,0.05,adasense_matched,ddrm,34.09921646118164,0.8619426488876343,,1000,12.098071931861341,3943142400,NVIDIA A100-SXM4-80GB,57019856de91e7072be60078c3ad6fbdc5404da9d877810dfb299f05c69091ae
face,celeba-hq:917,0.05,ads_matched,ddrm,33.979461669921875,0.8559796810150146,,80032,861.1110411807895,36316853760,NVIDIA A100-SXM4-80GB,57019856de91e7072be60078c3ad6fbdc5404da9d877810dfb299f05c69091ae
face,celeba-hq:917,0.05,cm_spectral_once_k1,ddrm,33.41409683227539,0.8423135280609131,,1,2.9579015020281076,1297763328,NVIDIA A100-SXM4-80GB,57019856de91e7072be60078c3ad6fbdc5404da9d877810dfb299f05c69091ae
face,celeba-hq:917,0.05,cm_spectral_repeat_k1,ddrm,33.55836486816406,0.8451462984085083,,5,10.362880760803819,1299664384,NVIDIA A100-SXM4-80GB,57019856de91e7072be60078c3ad6fbdc5404da9d877810dfb299f05c69091ae
face,celeba-hq:917,0.05,cm_spectral_repeat_k10,ddrm,33.69091796875,0.8490800857543945,,50,11.05668261134997,1302023680,NVIDIA A100-SXM4-80GB,57019856de91e7072be60078c3ad6fbdc5404da9d877810dfb299f05c69091ae
face,celeba-hq:917,0.05,cm_spectral_repeat_k5,ddrm,33.82592010498047,0.8524570465087891,,25,10.66797670070082,1302023680,NVIDIA A100-SXM4-80GB,57019856de91e7072be60078c3ad6fbdc5404da9d877810dfb299f05c69091ae
face,celeba-hq:917,0.05,uniform,ddrm,28.66376495361328,0.7281087636947632,,0,0.9798506367951632,927876608,NVIDIA A100-SXM4-80GB,57019856de91e7072be60078c3ad6fbdc5404da9d877810dfb299f05c69091ae
face,celeba-hq:917,0.05,variable_density,ddrm,29.918716430664062,0.7633984684944153,,0,1.2159857000224292,930564096,NVIDIA A100-SXM4-80GB,57019856de91e7072be60078c3ad6fbdc5404da9d877810dfb299f05c69091ae
face,celeba-hq:917,0.1,adasense_matched,ddrm,36.275089263916016,0.9104639291763306,,1000,11.995413060765713,3943142400,NVIDIA A100-SXM4-80GB,2a279ab971c0b22d4bda75f132feabb54f818d139f618606ad7cb62ca36a2203
face,celeba-hq:917,0.1,ads_matched,ddrm,35.6310920715332,0.8956681489944458,,80032,858.4570264290087,36316853760,NVIDIA A100-SXM4-80GB,2a279ab971c0b22d4bda75f132feabb54f818d139f618606ad7cb62ca36a2203
face,celeba-hq:917,0.1,cm_spectral_once_k1,ddrm,34.28525924682617,0.864308774471283,,1,2.523082431871444,1297763328,NVIDIA A100-SXM4-80GB,2a279ab971c0b22d4bda75f132feabb54f818d139f618606ad7cb62ca36a2203
face,celeba-hq:917,0.1,cm_spectral_repeat_k1,ddrm,34.94389343261719,0.879550576210022,,5,9.191653661895543,1299664384,NVIDIA A100-SXM4-80GB,2a279ab971c0b22d4bda75f132feabb54f818d139f618606ad7cb62ca36a2203
face,celeba-hq:917,0.1,cm_spectral_repeat_k10,ddrm,35.76211929321289,0.8984222412109375,,50,10.106851101387292,1302023680,NVIDIA A100-SXM4-80GB,2a279ab971c0b22d4bda75f132feabb54f818d139f618606ad7cb62ca36a2203
face,celeba-hq:917,0.1,cm_spectral_repeat_k5,ddrm,35.718597412109375,0.8968485593795776,,25,9.422317828983068,1302023680,NVIDIA A100-SXM4-80GB,2a279ab971c0b22d4bda75f132feabb54f818d139f618606ad7cb62ca36a2203
face,celeba-hq:917,0.1,uniform,ddrm,30.275592803955078,0.7768254280090332,,0,1.0309480167925358,927876608,NVIDIA A100-SXM4-80GB,2a279ab971c0b22d4bda75f132feabb54f818d139f618606ad7cb62ca36a2203
face,celeba-hq:917,0.1,variable_density,ddrm,32.14786911010742,0.8183377981185913,,0,1.2380552720278502,930564096,NVIDIA A100-SXM4-80GB,2a279ab971c0b22d4bda75f132feabb54f818d139f618606ad7cb62ca36a2203
face,celeba-hq:917,0.25,adasense_matched,ddrm,39.542816162109375,0.9569721221923828,,1000,12.398498039226979,3943142400,NVIDIA A100-SXM4-80GB,c7e2add6dbee0e0944345a04b6660d3d5aff408e17ffe422b7abf63a06616bed
face,celeba-hq:917,0.25,ads_matched,ddrm,38.01465606689453,0.935691237449646,,80032,861.5365022490732,36316853760,NVIDIA A100-SXM4-80GB,c7e2add6dbee0e0944345a04b6660d3d5aff408e17ffe422b7abf63a06616bed
face,celeba-hq:917,0.25,cm_spectral_once_k1,ddrm,37.11248779296875,0.920848548412323,,1,2.9787657777778804,1297763328,NVIDIA A100-SXM4-80GB,c7e2add6dbee0e0944345a04b6660d3d5aff408e17ffe422b7abf63a06616bed
face,celeba-hq:917,0.25,cm_spectral_repeat_k1,ddrm,37.83111572265625,0.933342695236206,,5,9.921481545083225,1299664384,NVIDIA A100-SXM4-80GB,c7e2add6dbee0e0944345a04b6660d3d5aff408e17ffe422b7abf63a06616bed
face,celeba-hq:917,0.25,cm_spectral_repeat_k10,ddrm,39.18989562988281,0.9518572092056274,,50,10.819428085815161,1302023680,NVIDIA A100-SXM4-80GB,c7e2add6dbee0e0944345a04b6660d3d5aff408e17ffe422b7abf63a06616bed
face,celeba-hq:917,0.25,cm_spectral_repeat_k5,ddrm,39.146358489990234,0.9510361552238464,,25,10.455105442553759,1302023680,NVIDIA A100-SXM4-80GB,c7e2add6dbee0e0944345a04b6660d3d5aff408e17ffe422b7abf63a06616bed
face,celeba-hq:917,0.25,uniform,ddrm,33.558685302734375,0.8539187908172607,,0,1.3864131080918014,927876608,NVIDIA A100-SXM4-80GB,c7e2add6dbee0e0944345a04b6660d3d5aff408e17ffe422b7abf63a06616bed
face,celeba-hq:917,0.25,variable_density,ddrm,35.4050178527832,0.8914539813995361,,0,1.4866115022450686,930564096,NVIDIA A100-SXM4-80GB,c7e2add6dbee0e0944345a04b6660d3d5aff408e17ffe422b7abf63a06616bed
face,celeba-hq:919,0.05,adasense_matched,ddrm,32.81950378417969,0.8592672944068909,,1000,12.118808850180358,3943142400,NVIDIA A100-SXM4-80GB,3823849024c5af1b880290f2f22fce61881733212a84f63141e9579d0892beeb
face,celeba-hq:919,0.05,ads_matched,ddrm,32.52840805053711,0.848635733127594,,80032,861.3785828710534,36316853760,NVIDIA A100-SXM4-80GB,3823849024c5af1b880290f2f22fce61881733212a84f63141e9579d0892beeb
face,celeba-hq:919,0.05,cm_spectral_once_k1,ddrm,31.86911392211914,0.8276335597038269,,1,2.5796062531881034,1297763328,NVIDIA A100-SXM4-80GB,3823849024c5af1b880290f2f22fce61881733212a84f63141e9579d0892beeb
face,celeba-hq:919,0.05,cm_spectral_repeat_k1,ddrm,32.09609603881836,0.8353134989738464,,5,9.61049747793004,1299664384,NVIDIA A100-SXM4-80GB,3823849024c5af1b880290f2f22fce61881733212a84f63141e9579d0892beeb
face,celeba-hq:919,0.05,cm_spectral_repeat_k10,ddrm,32.45183563232422,0.8455246686935425,,50,10.348748930264264,1302023680,NVIDIA A100-SXM4-80GB,3823849024c5af1b880290f2f22fce61881733212a84f63141e9579d0892beeb
face,celeba-hq:919,0.05,cm_spectral_repeat_k5,ddrm,32.39145278930664,0.843905508518219,,25,9.98004730604589,1302023680,NVIDIA A100-SXM4-80GB,3823849024c5af1b880290f2f22fce61881733212a84f63141e9579d0892beeb
face,celeba-hq:919,0.05,uniform,ddrm,28.117328643798828,0.7398132085800171,,0,0.9171829903498292,927876608,NVIDIA A100-SXM4-80GB,3823849024c5af1b880290f2f22fce61881733212a84f63141e9579d0892beeb
face,celeba-hq:919,0.05,variable_density,ddrm,29.450740814208984,0.7680292129516602,,0,1.1059248354285955,930564096,NVIDIA A100-SXM4-80GB,3823849024c5af1b880290f2f22fce61881733212a84f63141e9579d0892beeb
face,celeba-hq:919,0.1,adasense_matched,ddrm,34.45075225830078,0.8987060785293579,,1000,28.005207180976868,3943142400,NVIDIA A40,a6a0074b219fbf72dec146bb5c3c0c1715a81de4056633af28183688d61fda1b
face,celeba-hq:919,0.1,ads_matched,ddrm,33.73120880126953,0.8801090121269226,,80032,2136.6413071928546,36316853760,NVIDIA A40,a6a0074b219fbf72dec146bb5c3c0c1715a81de4056633af28183688d61fda1b
face,celeba-hq:919,0.1,cm_spectral_once_k1,ddrm,32.901187896728516,0.8535929322242737,,1,3.5439981636591256,1331321856,NVIDIA A40,a6a0074b219fbf72dec146bb5c3c0c1715a81de4056633af28183688d61fda1b
face,celeba-hq:919,0.1,cm_spectral_repeat_k1,ddrm,33.2385139465332,0.8663626313209534,,5,11.868774342816323,1333222912,NVIDIA A40,a6a0074b219fbf72dec146bb5c3c0c1715a81de4056633af28183688d61fda1b
face,celeba-hq:919,0.1,cm_spectral_repeat_k10,ddrm,33.86243438720703,0.881996750831604,,50,13.32967809960246,1335582208,NVIDIA A40,a6a0074b219fbf72dec146bb5c3c0c1715a81de4056633af28183688d61fda1b
face,celeba-hq:919,0.1,cm_spectral_repeat_k5,ddrm,33.962921142578125,0.8842382431030273,,25,12.388290999922901,1335582208,NVIDIA A40,a6a0074b219fbf72dec146bb5c3c0c1715a81de4056633af28183688d61fda1b
face,celeba-hq:919,0.1,uniform,ddrm,29.956005096435547,0.7769810557365417,,0,1.655001665931195,927876608,NVIDIA A40,a6a0074b219fbf72dec146bb5c3c0c1715a81de4056633af28183688d61fda1b
face,celeba-hq:919,0.1,variable_density,ddrm,31.403671264648438,0.8132454752922058,,0,1.942919404245913,930564096,NVIDIA A40,a6a0074b219fbf72dec146bb5c3c0c1715a81de4056633af28183688d61fda1b
face,celeba-hq:919,0.25,adasense_matched,ddrm,37.7741584777832,0.9509254693984985,,1000,28.251619453076273,3943142400,NVIDIA A40,1a07ae9cd0d96f5222e7ecea821e9dedd5309c69a4db528e8c6b2c5a3817b3e7
face,celeba-hq:919,0.25,ads_matched,ddrm,36.33654022216797,0.9246202707290649,,80032,2137.0625101346523,36316853760,NVIDIA A40,1a07ae9cd0d96f5222e7ecea821e9dedd5309c69a4db528e8c6b2c5a3817b3e7
face,celeba-hq:919,0.25,cm_spectral_once_k1,ddrm,34.862422943115234,0.8943847417831421,,1,3.9223541230894625,1331321856,NVIDIA A40,1a07ae9cd0d96f5222e7ecea821e9dedd5309c69a4db528e8c6b2c5a3817b3e7
face,celeba-hq:919,0.25,cm_spectral_repeat_k1,ddrm,35.660552978515625,0.9135611653327942,,5,11.910187371540815,1333222912,NVIDIA A40,1a07ae9cd0d96f5222e7ecea821e9dedd5309c69a4db528e8c6b2c5a3817b3e7
face,celeba-hq:919,0.25,cm_spectral_repeat_k10,ddrm,37.31208038330078,0.9432352185249329,,50,13.357771824114025,1335582208,NVIDIA A40,1a07ae9cd0d96f5222e7ecea821e9dedd5309c69a4db528e8c6b2c5a3817b3e7
face,celeba-hq:919,0.25,cm_spectral_repeat_k5,ddrm,37.34757995605469,0.944025993347168,,25,12.715242506936193,1335582208,NVIDIA A40,1a07ae9cd0d96f5222e7ecea821e9dedd5309c69a4db528e8c6b2c5a3817b3e7
face,celeba-hq:919,0.25,uniform,ddrm,32.96904373168945,0.8502269387245178,,0,2.0350017473101616,927876608,NVIDIA A40,1a07ae9cd0d96f5222e7ecea821e9dedd5309c69a4db528e8c6b2c5a3817b3e7
face,celeba-hq:919,0.25,variable_density,ddrm,34.690757751464844,0.8873192071914673,,0,2.1971485102549195,930564096,NVIDIA A40,1a07ae9cd0d96f5222e7ecea821e9dedd5309c69a4db528e8c6b2c5a3817b3e7
face,celeba-hq:960,0.05,adasense_matched,ddrm,36.71077346801758,0.9072734117507935,,1000,28.167751383036375,3943142400,NVIDIA A40,23fb31fa8158d5c9f5fd0a14928bb6025186ac2e22961ba93e6e74838b088d46
face,celeba-hq:960,0.05,ads_matched,ddrm,36.648624420166016,0.9054020047187805,,80032,2136.8053781669587,36316853760,NVIDIA A40,23fb31fa8158d5c9f5fd0a14928bb6025186ac2e22961ba93e6e74838b088d46
face,celeba-hq:960,0.05,cm_spectral_once_k1,ddrm,36.36113739013672,0.9000409841537476,,1,3.525166150648147,1331321856,NVIDIA A40,23fb31fa8158d5c9f5fd0a14928bb6025186ac2e22961ba93e6e74838b088d46
face,celeba-hq:960,0.05,cm_spectral_repeat_k1,ddrm,36.44236755371094,0.9017484188079834,,5,11.914171017240733,1333222912,NVIDIA A40,23fb31fa8158d5c9f5fd0a14928bb6025186ac2e22961ba93e6e74838b088d46
face,celeba-hq:960,0.05,cm_spectral_repeat_k10,ddrm,36.56026077270508,0.9035453796386719,,50,13.249269749503583,1335582208,NVIDIA A40,23fb31fa8158d5c9f5fd0a14928bb6025186ac2e22961ba93e6e74838b088d46
face,celeba-hq:960,0.05,cm_spectral_repeat_k5,ddrm,36.50398254394531,0.9026392698287964,,25,12.565373860765249,1335582208,NVIDIA A40,23fb31fa8158d5c9f5fd0a14928bb6025186ac2e22961ba93e6e74838b088d46
face,celeba-hq:960,0.05,uniform,ddrm,31.317798614501953,0.8245014548301697,,0,1.5369969862513244,927876608,NVIDIA A40,23fb31fa8158d5c9f5fd0a14928bb6025186ac2e22961ba93e6e74838b088d46
face,celeba-hq:960,0.05,variable_density,ddrm,32.916622161865234,0.8502000570297241,,0,1.8338671107776463,930564096,NVIDIA A40,23fb31fa8158d5c9f5fd0a14928bb6025186ac2e22961ba93e6e74838b088d46
face,celeba-hq:960,0.1,adasense_matched,ddrm,38.52349090576172,0.933008074760437,,1000,28.04601979535073,3943142400,NVIDIA A40,8cfd65fd3b021e792750da9d003e006c3c6f8718576c400a7c229dd0b5884016
face,celeba-hq:960,0.1,ads_matched,ddrm,38.19554138183594,0.9273898601531982,,80032,2137.1864716550335,36316853760,NVIDIA A40,8cfd65fd3b021e792750da9d003e006c3c6f8718576c400a7c229dd0b5884016
face,celeba-hq:960,0.1,cm_spectral_once_k1,ddrm,37.33115005493164,0.914590060710907,,1,3.5431907041929662,1331321856,NVIDIA A40,8cfd65fd3b021e792750da9d003e006c3c6f8718576c400a7c229dd0b5884016
face,celeba-hq:960,0.1,cm_spectral_repeat_k1,ddrm,37.801002502441406,0.9217749834060669,,5,11.819673225283623,1333222912,NVIDIA A40,8cfd65fd3b021e792750da9d003e006c3c6f8718576c400a7c229dd0b5884016
face,celeba-hq:960,0.1,cm_spectral_repeat_k10,ddrm,38.2288932800293,0.9279249310493469,,50,13.309724115300924,1335582208,NVIDIA A40,8cfd65fd3b021e792750da9d003e006c3c6f8718576c400a7c229dd0b5884016
face,celeba-hq:960,0.1,cm_spectral_repeat_k5,ddrm,38.11981964111328,0.9262019991874695,,25,12.340004820376635,1335582208,NVIDIA A40,8cfd65fd3b021e792750da9d003e006c3c6f8718576c400a7c229dd0b5884016
face,celeba-hq:960,0.1,uniform,ddrm,33.23225021362305,0.8586602210998535,,0,1.6705030957236886,927876608,NVIDIA A40,8cfd65fd3b021e792750da9d003e006c3c6f8718576c400a7c229dd0b5884016
face,celeba-hq:960,0.1,variable_density,ddrm,34.963279724121094,0.8831460475921631,,0,1.9892758838832378,930564096,NVIDIA A40,8cfd65fd3b021e792750da9d003e006c3c6f8718576c400a7c229dd0b5884016
face,celeba-hq:960,0.25,adasense_matched,ddrm,41.41468811035156,0.9645917415618896,,1000,28.198387189302593,3943142400,NVIDIA A40,80ab5f348187c2f163471a397bdabc7525a9c99a9e4eb3487ab79c82b23538df
face,celeba-hq:960,0.25,ads_matched,ddrm,40.256919860839844,0.9522438645362854,,80032,2137.2794470191,36316853760,NVIDIA A40,80ab5f348187c2f163471a397bdabc7525a9c99a9e4eb3487ab79c82b23538df
face,celeba-hq:960,0.25,cm_spectral_once_k1,ddrm,39.31355285644531,0.9404847025871277,,1,3.89007900794968,1331321856,NVIDIA A40,80ab5f348187c2f163471a397bdabc7525a9c99a9e4eb3487ab79c82b23538df
face,celeba-hq:960,0.25,cm_spectral_repeat_k1,ddrm,39.82146453857422,0.947313129901886,,5,12.080898832529783,1333222912,NVIDIA A40,80ab5f348187c2f163471a397bdabc7525a9c99a9e4eb3487ab79c82b23538df
face,celeba-hq:960,0.25,cm_spectral_repeat_k10,ddrm,41.14900207519531,0.9614759087562561,,50,13.575083645060658,1335582208,NVIDIA A40,80ab5f348187c2f163471a397bdabc7525a9c99a9e4eb3487ab79c82b23538df
face,celeba-hq:960,0.25,cm_spectral_repeat_k5,ddrm,41.21316146850586,0.9620919823646545,,25,12.880491139367223,1335582208,NVIDIA A40,80ab5f348187c2f163471a397bdabc7525a9c99a9e4eb3487ab79c82b23538df
face,celeba-hq:960,0.25,uniform,ddrm,36.75535202026367,0.9090011715888977,,0,1.9847181178629398,927876608,NVIDIA A40,80ab5f348187c2f163471a397bdabc7525a9c99a9e4eb3487ab79c82b23538df
face,celeba-hq:960,0.25,variable_density,ddrm,38.3609733581543,0.9287110567092896,,0,2.138757696840912,930564096,NVIDIA A40,80ab5f348187c2f163471a397bdabc7525a9c99a9e4eb3487ab79c82b23538df
mri,file1000007.h5,0.05,adasense_matched,cm,19.02877249973447,0.14612126350402832,0.23864289013339565,1000,12.952580356039107,5985438720,NVIDIA H100 NVL,62e4f75d2bee567904204d22c7f358433008cb916efbd1270359c13cb993d9d4
mri,file1000007.h5,0.05,ads_matched,cm,18.77831169825054,0.13618555665016174,0.25281019464313725,80032,1461.7226420296356,31216668160,NVIDIA H100 NVL,62e4f75d2bee567904204d22c7f358433008cb916efbd1270359c13cb993d9d4
mri,file1000007.h5,0.05,cm_spectral_once_k1,cm,18.773671600479748,0.13644161820411682,0.2530804362883029,1,0.033213951624929905,1212618240,NVIDIA H100 NVL,62e4f75d2bee567904204d22c7f358433008cb916efbd1270359c13cb993d9d4
mri,file1000007.h5,0.05,cm_spectral_repeat_k1,cm,18.732912008402028,0.13736800849437714,0.25546684289697585,5,0.12200549896806479,1214738432,NVIDIA H100 NVL,62e4f75d2bee567904204d22c7f358433008cb916efbd1270359c13cb993d9d4
mri,file1000007.h5,0.05,cm_spectral_repeat_k10,cm,18.77831169825054,0.13618555665016174,0.25281019464313725,50,1.0988181508146226,1218506752,NVIDIA H100 NVL,62e4f75d2bee567904204d22c7f358433008cb916efbd1270359c13cb993d9d4
mri,file1000007.h5,0.05,cm_spectral_repeat_k5,cm,18.77831169825054,0.13618555665016174,0.25281019464313725,25,0.5567678730003536,1218506752,NVIDIA H100 NVL,62e4f75d2bee567904204d22c7f358433008cb916efbd1270359c13cb993d9d4
mri,file1000007.h5,0.05,uniform,cm,18.20248545297786,0.1348310112953186,0.2886537452944287,0,0.0174024049192667,543683584,NVIDIA H100 NVL,62e4f75d2bee567904204d22c7f358433008cb916efbd1270359c13cb993d9d4
mri,file1000007.h5,0.05,variable_density,cm,18.58499306371494,0.14163537323474884,0.26431782546648075,0,0.011253263801336288,547687936,NVIDIA H100 NVL,62e4f75d2bee567904204d22c7f358433008cb916efbd1270359c13cb993d9d4
mri,file1000007.h5,0.1,adasense_matched,cm,19.456322381749274,0.202890545129776,0.21626861073228754,1000,19.949825215153396,5960108544,NVIDIA A100-SXM4-80GB,d34c9adab4ef58b46551bf6a3c259951498ff1bc6610d1f9db1450d7dddfa8ca
mri,file1000007.h5,0.1,ads_matched,cm,19.43004464768578,0.20183412730693817,0.21758114801562561,80032,2335.3858082653023,31166598656,NVIDIA A100-SXM4-80GB,d34c9adab4ef58b46551bf6a3c259951498ff1bc6610d1f9db1450d7dddfa8ca
mri,file1000007.h5,0.1,cm_spectral_once_k1,cm,18.960370103341624,0.1977926790714264,0.2424313231358513,1,0.0453800861723721,1187288064,NVIDIA A100-SXM4-80GB,d34c9adab4ef58b46551bf6a3c259951498ff1bc6610d1f9db1450d7dddfa8ca
mri,file1000007.h5,0.1,cm_spectral_repeat_k1,cm,19.32541695741265,0.20261043310165405,0.22288664209196515,5,0.17681441036984324,1189408256,NVIDIA A100-SXM4-80GB,d34c9adab4ef58b46551bf6a3c259951498ff1bc6610d1f9db1450d7dddfa8ca
mri,file1000007.h5,0.1,cm_spectral_repeat_k10,cm,19.439646599917587,0.20252813398838043,0.21710062743376715,50,1.6324158031493425,1193176576,NVIDIA A100-SXM4-80GB,d34c9adab4ef58b46551bf6a3c259951498ff1bc6610d1f9db1450d7dddfa8ca
mri,file1000007.h5,0.1,cm_spectral_repeat_k5,cm,19.435858184370904,0.20179207623004913,0.21729009230435506,25,0.8233152967877686,1193176576,NVIDIA A100-SXM4-80GB,d34c9adab4ef58b46551bf6a3c259951498ff1bc6610d1f9db1450d7dddfa8ca
mri,file1000007.h5,0.1,uniform,cm,18.70860112306913,0.18412016332149506,0.25690089793018556,0,0.027986991684883833,518648832,NVIDIA A100-SXM4-80GB,d34c9adab4ef58b46551bf6a3c259951498ff1bc6610d1f9db1450d7dddfa8ca
mri,file1000007.h5,0.1,variable_density,cm,19.37498113727365,0.20586535334587097,0.22035740321982455,0,0.015334432013332844,522653184,NVIDIA A100-SXM4-80GB,d34c9adab4ef58b46551bf6a3c259951498ff1bc6610d1f9db1450d7dddfa8ca
mri,file1000007.h5,0.25,adasense_matched,cm,20.469346226646223,0.35139137506484985,0.1712738772597024,1000,50.66100503131747,5960108544,NVIDIA A40,b5319a98954da1c88009ae58d25225e975a9295bb0b901de45d03b06ccba9c7c
mri,file1000007.h5,0.25,ads_matched,cm,20.449216041905682,0.3489687740802765,0.17206958877046785,80032,6043.601482430939,31166598656,NVIDIA A40,b5319a98954da1c88009ae58d25225e975a9295bb0b901de45d03b06ccba9c7c
mri,file1000007.h5,0.25,cm_spectral_once_k1,cm,20.21493383214454,0.35448646545410156,0.18160691232633108,1,0.07913331454619765,1187583488,NVIDIA A40,b5319a98954da1c88009ae58d25225e975a9295bb0b901de45d03b06ccba9c7c
mri,file1000007.h5,0.25,cm_spectral_repeat_k1,cm,20.324538598756362,0.3563051223754883,0.17708096758155747,5,0.3099637464620173,1189703680,NVIDIA A40,b5319a98954da1c88009ae58d25225e975a9295bb0b901de45d03b06ccba9c7c
mri,file1000007.h5,0.25,cm_spectral_repeat_k10,cm,20.453342822036085,0.3495867848396301,0.17190616991702762,50,2.88871109765023,1193472000,NVIDIA A40,b5319a98954da1c88009ae58d25225e975a9295bb0b901de45d03b06ccba9c7c
mri,file1000007.h5,0.25,cm_spectral_repeat_k5,cm,20.456128236001668,0.35003796219825745,0.17179595773093104,25,1.4552995921112597,1193472000,NVIDIA A40,b5319a98954da1c88009ae58d25225e975a9295bb0b901de45d03b06ccba9c7c
mri,file1000007.h5,0.25,uniform,cm,20.083435388804467,0.33546182513237,0.1871898135460035,0,0.04329474410042167,518648832,NVIDIA A40,b5319a98954da1c88009ae58d25225e975a9295bb0b901de45d03b06ccba9c7c
mri,file1000007.h5,0.25,variable_density,cm,20.465276251364358,0.3534213900566101,0.17143445266148893,0,0.022850829176604748,522653184,NVIDIA A40,b5319a98954da1c88009ae58d25225e975a9295bb0b901de45d03b06ccba9c7c
mri,file1000108.h5,0.05,adasense_matched,cm,28.684231376034745,0.6895818114280701,0.024201927164342357,1000,12.97034470224753,5985438720,NVIDIA H100 NVL,1b0e025d63751a0583379cdb339b8af03b9570c23c57a71c289f6b2c314c9159
mri,file1000108.h5,0.05,ads_matched,cm,27.905826505245624,0.678132951259613,0.0289527914760737,80032,1460.3662790451199,31216668160,NVIDIA H100 NVL,1b0e025d63751a0583379cdb339b8af03b9570c23c57a71c289f6b2c314c9159
mri,file1000108.h5,0.05,cm_spectral_once_k1,cm,27.78532628715379,0.6731327772140503,0.029767368363313784,1,0.03330163238570094,1212618240,NVIDIA H100 NVL,1b0e025d63751a0583379cdb339b8af03b9570c23c57a71c289f6b2c314c9159
mri,file1000108.h5,0.05,cm_spectral_repeat_k1,cm,27.603479641140538,0.6683302521705627,0.031040243141828443,5,0.12193894945085049,1214738432,NVIDIA H100 NVL,1b0e025d63751a0583379cdb339b8af03b9570c23c57a71c289f6b2c314c9159
mri,file1000108.h5,0.05,cm_spectral_repeat_k10,cm,28.24874669572523,0.6817097067832947,0.02675459713939859,50,1.0933745787478983,1218506752,NVIDIA H100 NVL,1b0e025d63751a0583379cdb339b8af03b9570c23c57a71c289f6b2c314c9159
mri,file1000108.h5,0.05,cm_spectral_repeat_k5,cm,27.48870615535319,0.6691939830780029,0.03187149775703871,25,0.554212462157011,1218506752,NVIDIA H100 NVL,1b0e025d63751a0583379cdb339b8af03b9570c23c57a71c289f6b2c314c9159
mri,file1000108.h5,0.05,uniform,cm,19.003699411355882,0.5090655088424683,0.22485530306252632,0,0.0231657181866467,543683584,NVIDIA H100 NVL,1b0e025d63751a0583379cdb339b8af03b9570c23c57a71c289f6b2c314c9159
mri,file1000108.h5,0.05,variable_density,cm,19.873196347003525,0.5382769107818604,0.18405746229261868,0,0.01139739342033863,547687936,NVIDIA H100 NVL,1b0e025d63751a0583379cdb339b8af03b9570c23c57a71c289f6b2c314c9159
mri,file1000108.h5,0.1,adasense_matched,cm,31.938318078053275,0.7615993022918701,0.01144040195663179,1000,19.9369531981647,5960108544,NVIDIA A100-SXM4-80GB,c7441a4123b852c61a694499d351c326fcbc938eec160f3d9b458d489f20f307
mri,file1000108.h5,0.1,ads_matched,cm,30.848008277130106,0.73866868019104,0.014705245011992834,80032,2334.6304320227355,31166598656,NVIDIA A100-SXM4-80GB,c7441a4123b852c61a694499d351c326fcbc938eec160f3d9b458d489f20f307
mri,file1000108.h5,0.1,cm_spectral_once_k1,cm,30.660990352016068,0.7335863709449768,0.015352321411873532,1,0.04606796894222498,1187288064,NVIDIA A100-SXM4-80GB,c7441a4123b852c61a694499d351c326fcbc938eec160f3d9b458d489f20f307
mri,file1000108.h5,0.1,cm_spectral_repeat_k1,cm,30.647368044551357,0.7338268756866455,0.015400551238199701,5,0.17755624558776617,1189408256,NVIDIA A100-SXM4-80GB,c7441a4123b852c61a694499d351c326fcbc938eec160f3d9b458d489f20f307
mri,file1000108.h5,0.1,cm_spectral_repeat_k10,cm,30.759426899458123,0.7369206547737122,0.015008261029260402,50,1.6276521375402808,1193176576,NVIDIA A100-SXM4-80GB,c7441a4123b852c61a694499d351c326fcbc938eec160f3d9b458d489f20f307
mri,file1000108.h5,0.1,cm_spectral_repeat_k5,cm,30.80870207680219,0.7376468181610107,0.014838939869952826,25,0.8217574036680162,1193176576,NVIDIA A100-SXM4-80GB,c7441a4123b852c61a694499d351c326fcbc938eec160f3d9b458d489f20f307
mri,file1000108.h5,0.1,uniform,cm,20.355262081055283,0.5521992444992065,0.16472020542144802,0,0.02706767013296485,518648832,NVIDIA A100-SXM4-80GB,c7441a4123b852c61a694499d351c326fcbc938eec160f3d9b458d489f20f307
mri,file1000108.h5,0.1,variable_density,cm,30.028652596331035,0.7383895516395569,0.017758562480325556,0,0.014194113202393055,522653184,NVIDIA A100-SXM4-80GB,c7441a4123b852c61a694499d351c326fcbc938eec160f3d9b458d489f20f307
mri,file1000108.h5,0.25,adasense_matched,cm,34.4967955190564,0.8363898396492004,0.006347365859816603,1000,50.67565896967426,5960108544,NVIDIA A40,a9b85e6b8d2edccf3563b3aecea1aa403441055dc9ad5593cf3f856de9e23190
mri,file1000108.h5,0.25,ads_matched,cm,34.02290080653056,0.8257717490196228,0.007079180753988228,80032,6045.395015071146,31166598656,NVIDIA A40,a9b85e6b8d2edccf3563b3aecea1aa403441055dc9ad5593cf3f856de9e23190
mri,file1000108.h5,0.25,cm_spectral_once_k1,cm,33.2364536390735,0.8080169558525085,0.008484528395940227,1,0.07915864512324333,1187583488,NVIDIA A40,a9b85e6b8d2edccf3563b3aecea1aa403441055dc9ad5593cf3f856de9e23190
mri,file1000108.h5,0.25,cm_spectral_repeat_k1,cm,33.77556363732414,0.8190606236457825,0.007494052223019405,5,0.31071858620271087,1189703680,NVIDIA A40,a9b85e6b8d2edccf3563b3aecea1aa403441055dc9ad5593cf3f856de9e23190
mri,file1000108.h5,0.25,cm_spectral_repeat_k10,cm,34.05873129719871,0.8266091346740723,0.00702101581252122,50,2.8872772115282714,1193472000,NVIDIA A40,a9b85e6b8d2edccf3563b3aecea1aa403441055dc9ad5593cf3f856de9e23190
mri,file1000108.h5,0.25,cm_spectral_repeat_k5,cm,34.04766785163416,0.826743483543396,0.007038924192195959,25,1.4554162370041013,1193472000,NVIDIA A40,a9b85e6b8d2edccf3563b3aecea1aa403441055dc9ad5593cf3f856de9e23190
mri,file1000108.h5,0.25,uniform,cm,27.40849306879482,0.7377480268478394,0.0324656255005183,0,0.046399218030273914,518648832,NVIDIA A40,a9b85e6b8d2edccf3563b3aecea1aa403441055dc9ad5593cf3f856de9e23190
mri,file1000108.h5,0.25,variable_density,cm,34.46746209611567,0.8326799869537354,0.006390382730762218,0,0.023860713001340628,522653184,NVIDIA A40,a9b85e6b8d2edccf3563b3aecea1aa403441055dc9ad5593cf3f856de9e23190
mri,file1000280.h5,0.05,adasense_matched,cm,23.65962449024849,0.3218722343444824,0.10197366935093159,1000,12.96945201093331,5985438720,NVIDIA H100 NVL,df2c7090f74afff0b154ae3afc142bedf64c0967b1770f02b312150817c18c72
mri,file1000280.h5,0.05,ads_matched,cm,22.735541067881726,0.3082354962825775,0.12615264984673874,80032,1459.3093471885659,31216668160,NVIDIA H100 NVL,df2c7090f74afff0b154ae3afc142bedf64c0967b1770f02b312150817c18c72
mri,file1000280.h5,0.05,cm_spectral_once_k1,cm,21.86830868002376,0.29526519775390625,0.15403506781734772,1,0.033284710720181465,1212618240,NVIDIA H100 NVL,df2c7090f74afff0b154ae3afc142bedf64c0967b1770f02b312150817c18c72
mri,file1000280.h5,0.05,cm_spectral_repeat_k1,cm,22.319872423470656,0.30164995789527893,0.13882358229094366,5,0.12200820120051503,1214738432,NVIDIA H100 NVL,df2c7090f74afff0b154ae3afc142bedf64c0967b1770f02b312150817c18c72
mri,file1000280.h5,0.05,cm_spectral_repeat_k10,cm,22.69420946737362,0.30852073431015015,0.12735897106364968,50,1.0987769588828087,1218506752,NVIDIA H100 NVL,df2c7090f74afff0b154ae3afc142bedf64c0967b1770f02b312150817c18c72
mri,file1000280.h5,0.05,cm_spectral_repeat_k5,cm,22.69420946737362,0.30852073431015015,0.12735897106364968,25,0.5564658818766475,1218506752,NVIDIA H100 NVL,df2c7090f74afff0b154ae3afc142bedf64c0967b1770f02b312150817c18c72
mri,file1000280.h5,0.05,uniform,cm,20.474546442139957,0.27078574895858765,0.21232241580681424,0,0.01739849615842104,543683584,NVIDIA H100 NVL,df2c7090f74afff0b154ae3afc142bedf64c0967b1770f02b312150817c18c72
mri,file1000280.h5,0.05,variable_density,cm,21.57440164989284,0.29528456926345825,0.16482014754911847,0,0.011304044164717197,547687936,NVIDIA H100 NVL,df2c7090f74afff0b154ae3afc142bedf64c0967b1770f02b312150817c18c72
mri,file1000280.h5,0.1,adasense_matched,cm,24.865736212078687,0.3800685405731201,0.07724615248835266,1000,19.947956514079124,5960108544,NVIDIA A100-SXM4-80GB,e2bac8e6c491d0cc7faae436cc2311b4f367bbb05e164cabe48738162d7235a0
mri,file1000280.h5,0.1,ads_matched,cm,24.55120586161213,0.36897021532058716,0.08304813771356462,80032,2335.169398185797,31166598656,NVIDIA A100-SXM4-80GB,e2bac8e6c491d0cc7faae436cc2311b4f367bbb05e164cabe48738162d7235a0
mri,file1000280.h5,0.1,cm_spectral_once_k1,cm,21.68478242666325,0.3161065876483917,0.16068385230903778,1,0.045497030951082706,1187288064,NVIDIA A100-SXM4-80GB,e2bac8e6c491d0cc7faae436cc2311b4f367bbb05e164cabe48738162d7235a0
mri,file1000280.h5,0.1,cm_spectral_repeat_k1,cm,23.91752681211699,0.3563724756240845,0.09609433919221792,5,0.17654249584302306,1189408256,NVIDIA A100-SXM4-80GB,e2bac8e6c491d0cc7faae436cc2311b4f367bbb05e164cabe48738162d7235a0
mri,file1000280.h5,0.1,cm_spectral_repeat_k10,cm,24.68375284921862,0.3732832074165344,0.08055179081119039,50,1.6315312297083437,1193176576,NVIDIA A100-SXM4-80GB,e2bac8e6c491d0cc7faae436cc2311b4f367bbb05e164cabe48738162d7235a0
mri,file1000280.h5,0.1,cm_spectral_repeat_k5,cm,24.605555017082118,0.37069961428642273,0.08201531675312435,25,0.8231506245210767,1193176576,NVIDIA A100-SXM4-80GB,e2bac8e6c491d0cc7faae436cc2311b4f367bbb05e164cabe48738162d7235a0
mri,file1000280.h5,0.1,uniform,cm,21.29465280068425,0.30704694986343384,0.17578637168437417,0,0.020424373913556337,518648832,NVIDIA A100-SXM4-80GB,e2bac8e6c491d0cc7faae436cc2311b4f367bbb05e164cabe48738162d7235a0
mri,file1000280.h5,0.1,variable_density,cm,24.47338050548899,0.37638136744499207,0.08454977145765004,0,0.013760039117187262,522653184,NVIDIA A100-SXM4-80GB,e2bac8e6c491d0cc7faae436cc2311b4f367bbb05e164cabe48738162d7235a0
mri,file1000280.h5,0.25,adasense_matched,cm,26.293379635714018,0.4927527904510498,0.05560483116867277,1000,12.986812917981297,5985438720,NVIDIA H100 NVL,84e547d7f7ae788fa18a6f8b17f0062b1db3f8d744b85a075519accb02d411d1
mri,file1000280.h5,0.25,ads_matched,cm,26.217249308131905,0.48894038796424866,0.0565881557478226,80032,1459.73459524801,31216668160,NVIDIA H100 NVL,84e547d7f7ae788fa18a6f8b17f0062b1db3f8d744b85a075519accb02d411d1
mri,file1000280.h5,0.25,cm_spectral_once_k1,cm,24.180843426349693,0.446674108505249,0.09044116426386822,1,0.034504542127251625,1212618240,NVIDIA H100 NVL,84e547d7f7ae788fa18a6f8b17f0062b1db3f8d744b85a075519accb02d411d1
mri,file1000280.h5,0.25,cm_spectral_repeat_k1,cm,24.796358288284924,0.45276153087615967,0.07849005919266062,5,0.12275074003264308,1214738432,NVIDIA H100 NVL,84e547d7f7ae788fa18a6f8b17f0062b1db3f8d744b85a075519accb02d411d1
mri,file1000280.h5,0.25,cm_spectral_repeat_k10,cm,26.257833128254056,0.4907640814781189,0.05606181422896065,50,1.093976616859436,1218506752,NVIDIA H100 NVL,84e547d7f7ae788fa18a6f8b17f0062b1db3f8d744b85a075519accb02d411d1
mri,file1000280.h5,0.25,cm_spectral_repeat_k5,cm,26.26046576292646,0.4907473027706146,0.05602784259499974,25,0.5547398300841451,1218506752,NVIDIA H100 NVL,84e547d7f7ae788fa18a6f8b17f0062b1db3f8d744b85a075519accb02d411d1
mri,file1000280.h5,0.25,uniform,cm,24.617932917039276,0.44540029764175415,0.08178189852435071,0,0.019842027220875025,543683584,NVIDIA H100 NVL,84e547d7f7ae788fa18a6f8b17f0062b1db3f8d744b85a075519accb02d411d1
mri,file1000280.h5,0.25,variable_density,cm,26.253965482559522,0.49093273282051086,0.05611176587108436,0,0.013678365387022495,547687936,NVIDIA H100 NVL,84e547d7f7ae788fa18a6f8b17f0062b1db3f8d744b85a075519accb02d411d1
mri,file1000635.h5,0.05,adasense_matched,cm,23.14170983950556,0.42657631635665894,0.03285419089848884,1000,12.979774395003915,5985438720,NVIDIA H100 NVL,5f8768cdf46ddcde26804b064925207a473de6f80224b2f157b4adfbb344fe0c
mri,file1000635.h5,0.05,ads_matched,cm,22.850515361849013,0.4139457643032074,0.03513259510995585,80032,1459.3713840190321,31216668160,NVIDIA H100 NVL,5f8768cdf46ddcde26804b064925207a473de6f80224b2f157b4adfbb344fe0c
mri,file1000635.h5,0.05,cm_spectral_once_k1,cm,21.355193187610148,0.3873167932033539,0.0495726848415452,1,0.033346890937536955,1212618240,NVIDIA H100 NVL,5f8768cdf46ddcde26804b064925207a473de6f80224b2f157b4adfbb344fe0c
mri,file1000635.h5,0.05,cm_spectral_repeat_k1,cm,21.49232756797352,0.3887663781642914,0.0480318138419919,5,0.12150275986641645,1214738432,NVIDIA H100 NVL,5f8768cdf46ddcde26804b064925207a473de6f80224b2f157b4adfbb344fe0c
mri,file1000635.h5,0.05,cm_spectral_repeat_k10,cm,21.362778869625217,0.3887512683868408,0.04948617126186412,50,1.0901186484843493,1218506752,NVIDIA H100 NVL,5f8768cdf46ddcde26804b064925207a473de6f80224b2f157b4adfbb344fe0c
mri,file1000635.h5,0.05,cm_spectral_repeat_k5,cm,21.46740048591228,0.3878442049026489,0.04830829317374391,25,0.552525922190398,1218506752,NVIDIA H100 NVL,5f8768cdf46ddcde26804b064925207a473de6f80224b2f157b4adfbb344fe0c
mri,file1000635.h5,0.05,uniform,cm,19.012105576389697,0.359142541885376,0.08502589004957631,0,0.02413062797859311,543683584,NVIDIA H100 NVL,5f8768cdf46ddcde26804b064925207a473de6f80224b2f157b4adfbb344fe0c
mri,file1000635.h5,0.05,variable_density,cm,19.93623608071302,0.38930121064186096,0.06872870323172202,0,0.011554963886737823,547687936,NVIDIA H100 NVL,5f8768cdf46ddcde26804b064925207a473de6f80224b2f157b4adfbb344fe0c
mri,file1000635.h5,0.1,adasense_matched,cm,24.79392569594235,0.48335424065589905,0.022457901541854376,1000,19.949440219439566,5960108544,NVIDIA A100-SXM4-80GB,c51188d9e3e18e8405dcda35d1ae1b25ead60c5a56110e659a28f16ded9f597a
mri,file1000635.h5,0.1,ads_matched,cm,24.168447044180343,0.468156635761261,0.025936838603663154,80032,2334.8718852638267,31166598656,NVIDIA A100-SXM4-80GB,c51188d9e3e18e8405dcda35d1ae1b25ead60c5a56110e659a28f16ded9f597a
mri,file1000635.h5,0.1,cm_spectral_once_k1,cm,24.103702642281853,0.4661142826080322,0.02632639999648633,1,0.045857063960283995,1187288064,NVIDIA A100-SXM4-80GB,c51188d9e3e18e8405dcda35d1ae1b25ead60c5a56110e659a28f16ded9f597a
mri,file1000635.h5,0.1,cm_spectral_repeat_k1,cm,24.061378396487076,0.4649577736854553,0.026584219022042842,5,0.1764740296639502,1189408256,NVIDIA A100-SXM4-80GB,c51188d9e3e18e8405dcda35d1ae1b25ead60c5a56110e659a28f16ded9f597a
mri,file1000635.h5,0.1,cm_spectral_repeat_k10,cm,24.116798972350814,0.46656444668769836,0.026247132549768137,50,1.6308018541894853,1193176576,NVIDIA A100-SXM4-80GB,c51188d9e3e18e8405dcda35d1ae1b25ead60c5a56110e659a28f16ded9f597a
mri,file1000635.h5,0.1,cm_spectral_repeat_k5,cm,24.008549938030242,0.4633069634437561,0.026909570392076265,25,0.8228199193254113,1193176576,NVIDIA A100-SXM4-80GB,c51188d9e3e18e8405dcda35d1ae1b25ead60c5a56110e659a28f16ded9f597a
mri,file1000635.h5,0.1,uniform,cm,18.436321287832854,0.34762048721313477,0.09707996746756768,0,0.02839160803705454,518648832,NVIDIA A100-SXM4-80GB,c51188d9e3e18e8405dcda35d1ae1b25ead60c5a56110e659a28f16ded9f597a
mri,file1000635.h5,0.1,variable_density,cm,24.57449294525441,0.48236382007598877,0.023621771785193972,0,0.013989557977765799,522653184,NVIDIA A100-SXM4-80GB,c51188d9e3e18e8405dcda35d1ae1b25ead60c5a56110e659a28f16ded9f597a
mri,file1000635.h5,0.25,adasense_matched,cm,26.69291245214666,0.5930622220039368,0.014503422750264236,1000,12.947818204760551,5985438720,NVIDIA H100 NVL,5f9c2d8417ad21a96e708fcea1cf1225721b0406acccd02367c84d34607a138d
mri,file1000635.h5,0.25,ads_matched,cm,26.47631754551338,0.5848314166069031,0.015245090698493955,80032,1460.4332103971392,31216668160,NVIDIA H100 NVL,5f9c2d8417ad21a96e708fcea1cf1225721b0406acccd02367c84d34607a138d
mri,file1000635.h5,0.25,cm_spectral_once_k1,cm,25.65310554579948,0.5626914501190186,0.018426853553545588,1,0.03427899116650224,1212618240,NVIDIA H100 NVL,5f9c2d8417ad21a96e708fcea1cf1225721b0406acccd02367c84d34607a138d
mri,file1000635.h5,0.25,cm_spectral_repeat_k1,cm,25.847276417514703,0.5664660334587097,0.0176211441207162,5,0.12242161156609654,1214738432,NVIDIA H100 NVL,5f9c2d8417ad21a96e708fcea1cf1225721b0406acccd02367c84d34607a138d
mri,file1000635.h5,0.25,cm_spectral_repeat_k10,cm,26.494392066646434,0.585623562335968,0.01518177483640129,50,1.0929368091747165,1218506752,NVIDIA H100 NVL,5f9c2d8417ad21a96e708fcea1cf1225721b0406acccd02367c84d34607a138d
mri,file1000635.h5,0.25,cm_spectral_repeat_k5,cm,26.47631754551338,0.5848314166069031,0.015245090698493955,25,0.554246140178293,1218506752,NVIDIA H100 NVL,5f9c2d8417ad21a96e708fcea1cf1225721b0406acccd02367c84d34607a138d
mri,file1000635.h5,0.25,uniform,cm,24.92926722042942,0.543422520160675,0.02176882659182726,0,0.019691635854542255,543683584,NVIDIA H100 NVL,5f9c2d8417ad21a96e708fcea1cf1225721b0406acccd02367c84d34607a138d
mri,file1000635.h5,0.25,variable_density,cm,26.737103438004347,0.5927165746688843,0.014356593691958273,0,0.013659165240824223,547687936,NVIDIA H100 NVL,5f9c2d8417ad21a96e708fcea1cf1225721b0406acccd02367c84d34607a138d
mri,file1000697.h5,0.05,adasense_matched,cm,27.28226225249098,0.6293191313743591,0.031559137437432036,1000,12.965722570195794,5985438720,NVIDIA H100 NVL,790bc92c99ab02c1b242effedda4cdef5873d4170434c942a18eface418846f3
mri,file1000697.h5,0.05,ads_matched,cm,27.384407967261254,0.6236132383346558,0.03082553086686053,80032,1459.5202519167215,31216668160,NVIDIA H100 NVL,790bc92c99ab02c1b242effedda4cdef5873d4170434c942a18eface418846f3
mri,file1000697.h5,0.05,cm_spectral_once_k1,cm,27.244312274525807,0.621748149394989,0.03183611812235351,1,0.03319041104987264,1212618240,NVIDIA H100 NVL,790bc92c99ab02c1b242effedda4cdef5873d4170434c942a18eface418846f3
mri,file1000697.h5,0.05,cm_spectral_repeat_k1,cm,26.986213204088784,0.6170249581336975,0.03378547379007106,5,0.1214077197946608,1214738432,NVIDIA H100 NVL,790bc92c99ab02c1b242effedda4cdef5873d4170434c942a18eface418846f3
mri,file1000697.h5,0.05,cm_spectral_repeat_k10,cm,26.986213204088784,0.6170249581336975,0.03378547379007106,50,1.0923310075886548,1218506752,NVIDIA H100 NVL,790bc92c99ab02c1b242effedda4cdef5873d4170434c942a18eface418846f3
mri,file1000697.h5,0.05,cm_spectral_repeat_k5,cm,26.986213204088784,0.6170249581336975,0.03378547379007106,25,0.5533453612588346,1218506752,NVIDIA H100 NVL,790bc92c99ab02c1b242effedda4cdef5873d4170434c942a18eface418846f3
mri,file1000697.h5,0.05,uniform,cm,19.358401349918502,0.4433830976486206,0.19566412786359844,0,0.02434639912098646,543683584,NVIDIA H100 NVL,790bc92c99ab02c1b242effedda4cdef5873d4170434c942a18eface418846f3
mri,file1000697.h5,0.05,variable_density,cm,21.972419494033176,0.5340279340744019,0.10717892645895324,0,0.011303193867206573,547687936,NVIDIA H100 NVL,790bc92c99ab02c1b242effedda4cdef5873d4170434c942a18eface418846f3
mri,file1000697.h5,0.1,adasense_matched,cm,30.298240987902002,0.6939412951469421,0.015758949160086248,1000,19.942313749343157,5960108544,NVIDIA A100-SXM4-80GB,e9d594a968e27e5faf8101c0662df60f1370c09cff8a8d618e7cd04e9b4357ad
mri,file1000697.h5,0.1,ads_matched,cm,30.003519587732814,0.6869227290153503,0.016865506149548192,80032,2336.048656762112,31166598656,NVIDIA A100-SXM4-80GB,e9d594a968e27e5faf8101c0662df60f1370c09cff8a8d618e7cd04e9b4357ad
mri,file1000697.h5,0.1,cm_spectral_once_k1,cm,29.52351435545029,0.677359938621521,0.01883648745340855,1,0.0457452149130404,1187288064,NVIDIA A100-SXM4-80GB,e9d594a968e27e5faf8101c0662df60f1370c09cff8a8d618e7cd04e9b4357ad
mri,file1000697.h5,0.1,cm_spectral_repeat_k1,cm,29.56581343686082,0.6787269711494446,0.01865391456711704,5,0.1768561485223472,1189408256,NVIDIA A100-SXM4-80GB,e9d594a968e27e5faf8101c0662df60f1370c09cff8a8d618e7cd04e9b4357ad
mri,file1000697.h5,0.1,cm_spectral_repeat_k10,cm,29.488359915251205,0.6767192482948303,0.018989579753374182,50,1.6327650365419686,1193176576,NVIDIA A100-SXM4-80GB,e9d594a968e27e5faf8101c0662df60f1370c09cff8a8d618e7cd04e9b4357ad
mri,file1000697.h5,0.1,cm_spectral_repeat_k5,cm,29.52351435545029,0.677359938621521,0.01883648745340855,25,0.8248743526637554,1193176576,NVIDIA A100-SXM4-80GB,e9d594a968e27e5faf8101c0662df60f1370c09cff8a8d618e7cd04e9b4357ad
mri,file1000697.h5,0.1,uniform,cm,20.10878655268481,0.49056243896484375,0.16461624380558076,0,0.019941233098506927,518648832,NVIDIA A100-SXM4-80GB,e9d594a968e27e5faf8101c0662df60f1370c09cff8a8d618e7cd04e9b4357ad
mri,file1000697.h5,0.1,variable_density,cm,29.4497878252242,0.692891538143158,0.019158988115407553,0,0.014064523857086897,522653184,NVIDIA A100-SXM4-80GB,e9d594a968e27e5faf8101c0662df60f1370c09cff8a8d618e7cd04e9b4357ad
mri,file1000697.h5,0.25,adasense_matched,cm,32.671440329178886,0.7715862393379211,0.009124462804911911,1000,12.969911730848253,5985438720,NVIDIA H100 NVL,64963c93fdae51b6d8a76d4a8f93a6c07d6c5f500480a77f1d407dd8d5d83f64
mri,file1000697.h5,0.25,ads_matched,cm,32.41067052845156,0.7652810215950012,0.009689118778718482,80032,1461.0767771783285,31216668160,NVIDIA H100 NVL,64963c93fdae51b6d8a76d4a8f93a6c07d6c5f500480a77f1d407dd8d5d83f64
mri,file1000697.h5,0.25,cm_spectral_once_k1,cm,30.665241368760693,0.734563946723938,0.014481955094333853,1,0.03456361126154661,1212618240,NVIDIA H100 NVL,64963c93fdae51b6d8a76d4a8f93a6c07d6c5f500480a77f1d407dd8d5d83f64
mri,file1000697.h5,0.25,cm_spectral_repeat_k1,cm,31.911254674180633,0.7540547847747803,0.010869907939883247,5,0.12328063044697046,1214738432,NVIDIA H100 NVL,64963c93fdae51b6d8a76d4a8f93a6c07d6c5f500480a77f1d407dd8d5d83f64
mri,file1000697.h5,0.25,cm_spectral_repeat_k10,cm,32.46067711728926,0.7666468620300293,0.009578193702518173,50,1.101261230185628,1218506752,NVIDIA H100 NVL,64963c93fdae51b6d8a76d4a8f93a6c07d6c5f500480a77f1d407dd8d5d83f64
mri,file1000697.h5,0.25,cm_spectral_repeat_k5,cm,32.41730601617181,0.7656217217445374,0.009674326924083,25,0.5582379624247551,1218506752,NVIDIA H100 NVL,64963c93fdae51b6d8a76d4a8f93a6c07d6c5f500480a77f1d407dd8d5d83f64
mri,file1000697.h5,0.25,uniform,cm,28.99831759632349,0.7137114405632019,0.021257861992725658,0,0.02611034782603383,543683584,NVIDIA H100 NVL,64963c93fdae51b6d8a76d4a8f93a6c07d6c5f500480a77f1d407dd8d5d83f64
mri,file1000697.h5,0.25,variable_density,cm,32.71062258713912,0.7702485918998718,0.009042511503490284,0,0.013726043980568647,547687936,NVIDIA H100 NVL,64963c93fdae51b6d8a76d4a8f93a6c07d6c5f500480a77f1d407dd8d5d83f64
mri,file1000769.h5,0.05,adasense_matched,cm,23.18552638505679,0.4566534161567688,0.0387528301458439,1000,12.982588616199791,5985438720,NVIDIA H100 NVL,da7d43280591115811eb2cabc984d98fdd50d57637578f05563e92c1e2a02519
mri,file1000769.h5,0.05,ads_matched,cm,22.890382561486064,0.4460925757884979,0.04147799989687572,80032,1462.4186082780361,31216668160,NVIDIA H100 NVL,da7d43280591115811eb2cabc984d98fdd50d57637578f05563e92c1e2a02519
mri,file1000769.h5,0.05,cm_spectral_once_k1,cm,21.74409151765765,0.4175698161125183,0.0540066091889891,1,0.04996960563585162,1212618240,NVIDIA H100 NVL,da7d43280591115811eb2cabc984d98fdd50d57637578f05563e92c1e2a02519
mri,file1000769.h5,0.05,cm_spectral_repeat_k1,cm,21.47880529616351,0.41043201088905334,0.05740841178602789,5,0.12140497984364629,1214738432,NVIDIA H100 NVL,da7d43280591115811eb2cabc984d98fdd50d57637578f05563e92c1e2a02519
mri,file1000769.h5,0.05,cm_spectral_repeat_k10,cm,21.725203282044934,0.41945502161979675,0.054242005751872206,50,1.0916963182389736,1218506752,NVIDIA H100 NVL,da7d43280591115811eb2cabc984d98fdd50d57637578f05563e92c1e2a02519
mri,file1000769.h5,0.05,cm_spectral_repeat_k5,cm,21.70120903996553,0.4170665442943573,0.05454251394678941,25,0.5530222924426198,1218506752,NVIDIA H100 NVL,da7d43280591115811eb2cabc984d98fdd50d57637578f05563e92c1e2a02519
mri,file1000769.h5,0.05,uniform,cm,16.617557326992628,0.3269706666469574,0.17583297868328762,0,0.19136203173547983,543683584,NVIDIA H100 NVL,da7d43280591115811eb2cabc984d98fdd50d57637578f05563e92c1e2a02519
mri,file1000769.h5,0.05,variable_density,cm,18.858914604260395,0.38771218061447144,0.1049456846721148,0,0.01123597426339984,547687936,NVIDIA H100 NVL,da7d43280591115811eb2cabc984d98fdd50d57637578f05563e92c1e2a02519
mri,file1000769.h5,0.1,adasense_matched,cm,25.10972859105928,0.5241851806640625,0.024881880852206745,1000,19.95071647875011,5960108544,NVIDIA A100-SXM4-80GB,213067c1579a534e95c6bbca96a80304bc4b5f6229c14365bea04dae34f959a9
mri,file1000769.h5,0.1,ads_matched,cm,24.879646388252283,0.5179024338722229,0.02623562512938634,80032,2336.0594290830195,31166598656,NVIDIA A100-SXM4-80GB,213067c1579a534e95c6bbca96a80304bc4b5f6229c14365bea04dae34f959a9
mri,file1000769.h5,0.1,cm_spectral_once_k1,cm,23.750067838636845,0.49828386306762695,0.034029006974741476,1,0.04553712997585535,1187288064,NVIDIA A100-SXM4-80GB,213067c1579a534e95c6bbca96a80304bc4b5f6229c14365bea04dae34f959a9
mri,file1000769.h5,0.1,cm_spectral_repeat_k1,cm,23.750067838636845,0.49828386306762695,0.034029006974741476,5,0.17691913340240717,1189408256,NVIDIA A100-SXM4-80GB,213067c1579a534e95c6bbca96a80304bc4b5f6229c14365bea04dae34f959a9
mri,file1000769.h5,0.1,cm_spectral_repeat_k10,cm,23.87230149788003,0.5032960176467896,0.03308459971617735,50,1.633889529388398,1193176576,NVIDIA A100-SXM4-80GB,213067c1579a534e95c6bbca96a80304bc4b5f6229c14365bea04dae34f959a9
mri,file1000769.h5,0.1,cm_spectral_repeat_k5,cm,23.584606705737386,0.4985065162181854,0.03535048643492435,25,0.8237250312231481,1193176576,NVIDIA A100-SXM4-80GB,213067c1579a534e95c6bbca96a80304bc4b5f6229c14365bea04dae34f959a9
mri,file1000769.h5,0.1,uniform,cm,19.07406130546181,0.38903379440307617,0.09987342264101283,0,0.02842792123556137,518648832,NVIDIA A100-SXM4-80GB,213067c1579a534e95c6bbca96a80304bc4b5f6229c14365bea04dae34f959a9
mri,file1000769.h5,0.1,variable_density,cm,25.242437063341438,0.5258255004882812,0.024133058604605347,0,0.013806347735226154,522653184,NVIDIA A100-SXM4-80GB,213067c1579a534e95c6bbca96a80304bc4b5f6229c14365bea04dae34f959a9
mri,file1000769.h5,0.25,adasense_matched,cm,27.676906432230947,0.6385934352874756,0.013777341402166994,1000,12.98929689778015,5985438720,NVIDIA H100 NVL,c6aaf89a8308e6a22a284b99a7c64956f035254ac09f6d34425524270656f370
mri,file1000769.h5,0.25,ads_matched,cm,27.295443297244407,0.6284737586975098,0.01504221313557072,80032,1462.9272686149925,31216668160,NVIDIA H100 NVL,c6aaf89a8308e6a22a284b99a7c64956f035254ac09f6d34425524270656f370
mri,file1000769.h5,0.25,cm_spectral_once_k1,cm,26.407281409504954,0.6083164215087891,0.018455589557281306,1,0.0671867118217051,1212618240,NVIDIA H100 NVL,c6aaf89a8308e6a22a284b99a7c64956f035254ac09f6d34425524270656f370
mri,file1000769.h5,0.25,cm_spectral_repeat_k1,cm,26.720810006327156,0.6138472557067871,0.01717018796324158,5,0.12236758135259151,1214738432,NVIDIA H100 NVL,c6aaf89a8308e6a22a284b99a7c64956f035254ac09f6d34425524270656f370
mri,file1000769.h5,0.25,cm_spectral_repeat_k10,cm,27.28678502914056,0.6284569501876831,0.015072231728724652,50,1.0917331278324127,1218506752,NVIDIA H100 NVL,c6aaf89a8308e6a22a284b99a7c64956f035254ac09f6d34425524270656f370
mri,file1000769.h5,0.25,cm_spectral_repeat_k5,cm,27.32298249687297,0.6292920112609863,0.014947129806919023,25,0.5535034509375691,1218506752,NVIDIA H100 NVL,c6aaf89a8308e6a22a284b99a7c64956f035254ac09f6d34425524270656f370
mri,file1000769.h5,0.25,uniform,cm,25.476162573638533,0.5909679532051086,0.022868612547454484,0,0.18431656993925571,543683584,NVIDIA H100 NVL,c6aaf89a8308e6a22a284b99a7c64956f035254ac09f6d34425524270656f370
mri,file1000769.h5,0.25,variable_density,cm,27.690471777846764,0.6355651617050171,0.013734374555084142,0,0.01371230510994792,547687936,NVIDIA H100 NVL,c6aaf89a8308e6a22a284b99a7c64956f035254ac09f6d34425524270656f370
mri,file1000831.h5,0.05,adasense_matched,cm,25.88702366387484,0.5550392270088196,0.031915596800460154,1000,19.99067034991458,5960108544,NVIDIA A100-SXM4-80GB,8756a3b82ae109df15a6b457fdc8a611690986840ea97443d4ff397f1aae44e9
mri,file1000831.h5,0.05,ads_matched,cm,25.251035793408438,0.542820394039154,0.03694891988022032,80032,2335.911344389897,31166598656,NVIDIA A100-SXM4-80GB,8756a3b82ae109df15a6b457fdc8a611690986840ea97443d4ff397f1aae44e9
mri,file1000831.h5,0.05,cm_spectral_once_k1,cm,23.919745407285838,0.5207167863845825,0.05020312788879814,1,0.045383916702121496,1187288064,NVIDIA A100-SXM4-80GB,8756a3b82ae109df15a6b457fdc8a611690986840ea97443d4ff397f1aae44e9
mri,file1000831.h5,0.05,cm_spectral_repeat_k1,cm,24.031875354106475,0.521978497505188,0.0489235305100766,5,0.1771912006661296,1189408256,NVIDIA A100-SXM4-80GB,8756a3b82ae109df15a6b457fdc8a611690986840ea97443d4ff397f1aae44e9
mri,file1000831.h5,0.05,cm_spectral_repeat_k10,cm,23.948839861185483,0.520940899848938,0.04986793138027852,50,1.6326743494719267,1193176576,NVIDIA A100-SXM4-80GB,8756a3b82ae109df15a6b457fdc8a611690986840ea97443d4ff397f1aae44e9
mri,file1000831.h5,0.05,cm_spectral_repeat_k5,cm,23.948839861185483,0.520940899848938,0.04986793138027852,25,0.8240294805727899,1193176576,NVIDIA A100-SXM4-80GB,8756a3b82ae109df15a6b457fdc8a611690986840ea97443d4ff397f1aae44e9
mri,file1000831.h5,0.05,uniform,cm,19.51480044597659,0.4307520091533661,0.1384284324205115,0,0.027575172018259764,518648832,NVIDIA A100-SXM4-80GB,8756a3b82ae109df15a6b457fdc8a611690986840ea97443d4ff397f1aae44e9
mri,file1000831.h5,0.05,variable_density,cm,22.014266587877295,0.5081580281257629,0.07785359686137948,0,0.01358087407425046,522653184,NVIDIA A100-SXM4-80GB,8756a3b82ae109df15a6b457fdc8a611690986840ea97443d4ff397f1aae44e9
mri,file1000831.h5,0.1,adasense_matched,cm,28.349460723856872,0.6202449202537537,0.01810336375049615,1000,20.000579222105443,5960108544,NVIDIA A100-SXM4-80GB,5baa2f206a1f0b7a6c7e54025b3c5a2244d79a98b6d2ee3c82adcedf19b83739
mri,file1000831.h5,0.1,ads_matched,cm,27.858898617946018,0.6093363761901855,0.020268213580807482,80032,2334.7348703499883,31166598656,NVIDIA A100-SXM4-80GB,5baa2f206a1f0b7a6c7e54025b3c5a2244d79a98b6d2ee3c82adcedf19b83739
mri,file1000831.h5,0.1,cm_spectral_once_k1,cm,27.34260809398574,0.5998561978340149,0.022826773761903178,1,0.046441576443612576,1187288064,NVIDIA A100-SXM4-80GB,5baa2f206a1f0b7a6c7e54025b3c5a2244d79a98b6d2ee3c82adcedf19b83739
mri,file1000831.h5,0.1,cm_spectral_repeat_k1,cm,27.371724622300256,0.5993485450744629,0.02267424669589378,5,0.17673626262694597,1189408256,NVIDIA A100-SXM4-80GB,5baa2f206a1f0b7a6c7e54025b3c5a2244d79a98b6d2ee3c82adcedf19b83739
mri,file1000831.h5,0.1,cm_spectral_repeat_k10,cm,27.3170579346749,0.5986462831497192,0.022961462591635777,50,1.6289883460849524,1193176576,NVIDIA A100-SXM4-80GB,5baa2f206a1f0b7a6c7e54025b3c5a2244d79a98b6d2ee3c82adcedf19b83739
mri,file1000831.h5,0.1,cm_spectral_repeat_k5,cm,27.433562469181723,0.6007686257362366,0.022353682337337717,25,0.8225950910709798,1193176576,NVIDIA A100-SXM4-80GB,5baa2f206a1f0b7a6c7e54025b3c5a2244d79a98b6d2ee3c82adcedf19b83739
mri,file1000831.h5,0.1,uniform,cm,21.251702717237258,0.4656677544116974,0.09279724264475837,0,0.02712454181164503,518648832,NVIDIA A100-SXM4-80GB,5baa2f206a1f0b7a6c7e54025b3c5a2244d79a98b6d2ee3c82adcedf19b83739
mri,file1000831.h5,0.1,variable_density,cm,27.827172664168785,0.6139698624610901,0.020416818817414143,0,0.01433717692270875,522653184,NVIDIA A100-SXM4-80GB,5baa2f206a1f0b7a6c7e54025b3c5a2244d79a98b6d2ee3c82adcedf19b83739
mri,file1000831.h5,0.25,adasense_matched,cm,30.823322326177593,0.7266310453414917,0.010241724666944818,1000,19.938458883203566,5960108544,NVIDIA A100-SXM4-80GB,fe9d54b1054ed949b506261d22f80f533b0f9360591a4efd6d29443b1a61a83d
mri,file1000831.h5,0.25,ads_matched,cm,30.351518392182957,0.7123578786849976,0.011417039384346425,80032,2335.361068203114,31166598656,NVIDIA A100-SXM4-80GB,fe9d54b1054ed949b506261d22f80f533b0f9360591a4efd6d29443b1a61a83d
mri,file1000831.h5,0.25,cm_spectral_once_k1,cm,29.639748265783904,0.6966958045959473,0.013450255205946293,1,0.04978609969839454,1187288064,NVIDIA A100-SXM4-80GB,fe9d54b1054ed949b506261d22f80f533b0f9360591a4efd6d29443b1a61a83d
mri,file1000831.h5,0.25,cm_spectral_repeat_k1,cm,29.88632026069616,0.7005059719085693,0.012707886657993927,5,0.1780236097984016,1189408256,NVIDIA A100-SXM4-80GB,fe9d54b1054ed949b506261d22f80f533b0f9360591a4efd6d29443b1a61a83d
mri,file1000831.h5,0.25,cm_spectral_repeat_k10,cm,30.350467054264136,0.7121670842170715,0.01141980366532479,50,1.6314820195548236,1193176576,NVIDIA A100-SXM4-80GB,fe9d54b1054ed949b506261d22f80f533b0f9360591a4efd6d29443b1a61a83d
mri,file1000831.h5,0.25,cm_spectral_repeat_k5,cm,30.33608989470688,0.7114760875701904,0.011457670717565947,25,0.8243127348832786,1193176576,NVIDIA A100-SXM4-80GB,fe9d54b1054ed949b506261d22f80f533b0f9360591a4efd6d29443b1a61a83d
mri,file1000831.h5,0.25,uniform,cm,26.783288320834238,0.6519128084182739,0.025964292625054043,0,0.03052487690001726,518648832,NVIDIA A100-SXM4-80GB,fe9d54b1054ed949b506261d22f80f533b0f9360591a4efd6d29443b1a61a83d
mri,file1000831.h5,0.25,variable_density,cm,30.678191430306004,0.7194473743438721,0.01058976212300557,0,0.015589811839163303,522653184,NVIDIA A100-SXM4-80GB,fe9d54b1054ed949b506261d22f80f533b0f9360591a4efd6d29443b1a61a83d
mri,file1000976.h5,0.05,adasense_matched,cm,25.339356110616734,0.5151386857032776,0.029586213019532598,1000,50.715034937951714,5960108544,NVIDIA A40,9e39a525e6da5de15acb1e0d339999ce09ef6770669a7284aa0e14186c591cbf
mri,file1000976.h5,0.05,ads_matched,cm,23.75750722002417,0.48167315125465393,0.042586726326934124,80032,6043.670237347949,31166598656,NVIDIA A40,9e39a525e6da5de15acb1e0d339999ce09ef6770669a7284aa0e14186c591cbf
mri,file1000976.h5,0.05,cm_spectral_once_k1,cm,22.466552034493454,0.4517740309238434,0.057328395368549986,1,0.07747858390212059,1187583488,NVIDIA A40,9e39a525e6da5de15acb1e0d339999ce09ef6770669a7284aa0e14186c591cbf
mri,file1000976.h5,0.05,cm_spectral_repeat_k1,cm,22.466552034493454,0.4517740309238434,0.057328395368549986,5,0.30878577614203095,1189703680,NVIDIA A40,9e39a525e6da5de15acb1e0d339999ce09ef6770669a7284aa0e14186c591cbf
mri,file1000976.h5,0.05,cm_spectral_repeat_k10,cm,23.44949003962826,0.47332608699798584,0.04571682032764844,50,2.885675468482077,1193472000,NVIDIA A40,9e39a525e6da5de15acb1e0d339999ce09ef6770669a7284aa0e14186c591cbf
mri,file1000976.h5,0.05,cm_spectral_repeat_k5,cm,22.75464292814788,0.4592265486717224,0.05364888432701401,25,1.4544091471470892,1193472000,NVIDIA A40,9e39a525e6da5de15acb1e0d339999ce09ef6770669a7284aa0e14186c591cbf
mri,file1000976.h5,0.05,uniform,cm,19.021512058177606,0.35553139448165894,0.12672835440429425,0,0.05378438392654061,518648832,NVIDIA A40,9e39a525e6da5de15acb1e0d339999ce09ef6770669a7284aa0e14186c591cbf
mri,file1000976.h5,0.05,variable_density,cm,21.770129878384314,0.4409373700618744,0.0672995279173429,0,0.019745866768062115,522653184,NVIDIA A40,9e39a525e6da5de15acb1e0d339999ce09ef6770669a7284aa0e14186c591cbf
mri,file1000976.h5,0.1,adasense_matched,cm,26.80914106964031,0.5743011832237244,0.021091665336888072,1000,13.011433126404881,5985438720,NVIDIA H100 NVL,d7467cc1884e1c17e821c513d3a9665dc50589a7e334392cd2665a59a9f9c1ef
mri,file1000976.h5,0.1,ads_matched,cm,26.41690269655385,0.5659289360046387,0.02308525690550648,80032,1463.8462701058015,31216668160,NVIDIA H100 NVL,d7467cc1884e1c17e821c513d3a9665dc50589a7e334392cd2665a59a9f9c1ef
mri,file1000976.h5,0.1,cm_spectral_once_k1,cm,26.014994059685506,0.5557680726051331,0.025323608334441215,1,0.05972746992483735,1212618240,NVIDIA H100 NVL,d7467cc1884e1c17e821c513d3a9665dc50589a7e334392cd2665a59a9f9c1ef
mri,file1000976.h5,0.1,cm_spectral_repeat_k1,cm,26.260985128635774,0.5617669820785522,0.023929107549405536,5,0.12242590170353651,1214738432,NVIDIA H100 NVL,d7467cc1884e1c17e821c513d3a9665dc50589a7e334392cd2665a59a9f9c1ef
mri,file1000976.h5,0.1,cm_spectral_repeat_k10,cm,26.114957200746197,0.5583543181419373,0.02474738266770116,50,1.0987108014523983,1218506752,NVIDIA H100 NVL,d7467cc1884e1c17e821c513d3a9665dc50589a7e334392cd2665a59a9f9c1ef
mri,file1000976.h5,0.1,cm_spectral_repeat_k5,cm,26.161204526719985,0.5598866939544678,0.02448525086602836,25,0.5568399825133383,1218506752,NVIDIA H100 NVL,d7467cc1884e1c17e821c513d3a9665dc50589a7e334392cd2665a59a9f9c1ef
mri,file1000976.h5,0.1,uniform,cm,20.285601251044632,0.4379686117172241,0.09472505372337685,0,0.1704262150451541,543683584,NVIDIA H100 NVL,d7467cc1884e1c17e821c513d3a9665dc50589a7e334392cd2665a59a9f9c1ef
mri,file1000976.h5,0.1,variable_density,cm,26.6850100113308,0.5737264752388,0.021703210735143415,0,0.01209484413266182,547687936,NVIDIA H100 NVL,d7467cc1884e1c17e821c513d3a9665dc50589a7e334392cd2665a59a9f9c1ef
mri,file1000976.h5,0.25,adasense_matched,cm,29.133585502640514,0.6820768713951111,0.012349985809397158,1000,19.95499051688239,5960108544,NVIDIA A100-SXM4-80GB,7dce9d51fb22e7a5b79aad4579b07c754b88d8dc29a0ad1d1a62649546fb0902
mri,file1000976.h5,0.25,ads_matched,cm,28.547402872399196,0.6649312973022461,0.014134638478865782,80032,2335.9671715050936,31166598656,NVIDIA A100-SXM4-80GB,7dce9d51fb22e7a5b79aad4579b07c754b88d8dc29a0ad1d1a62649546fb0902
mri,file1000976.h5,0.25,cm_spectral_once_k1,cm,27.928572185668585,0.6477912068367004,0.016299255634321757,1,0.04668784886598587,1187288064,NVIDIA A100-SXM4-80GB,7dce9d51fb22e7a5b79aad4579b07c754b88d8dc29a0ad1d1a62649546fb0902
mri,file1000976.h5,0.25,cm_spectral_repeat_k1,cm,27.589452628166278,0.6403195858001709,0.017622996359719034,5,0.17798353917896748,1189408256,NVIDIA A100-SXM4-80GB,7dce9d51fb22e7a5b79aad4579b07c754b88d8dc29a0ad1d1a62649546fb0902
mri,file1000976.h5,0.25,cm_spectral_repeat_k10,cm,28.599717819008067,0.6661129593849182,0.013965394706908758,50,1.6325310529209673,1193176576,NVIDIA A100-SXM4-80GB,7dce9d51fb22e7a5b79aad4579b07c754b88d8dc29a0ad1d1a62649546fb0902
mri,file1000976.h5,0.25,cm_spectral_repeat_k5,cm,28.58541809138933,0.6661369800567627,0.01401145356635042,25,0.8249072432518005,1193176576,NVIDIA A100-SXM4-80GB,7dce9d51fb22e7a5b79aad4579b07c754b88d8dc29a0ad1d1a62649546fb0902
mri,file1000976.h5,0.25,uniform,cm,26.965669237215018,0.6347461938858032,0.02034501857380715,0,0.030952299013733864,518648832,NVIDIA A100-SXM4-80GB,7dce9d51fb22e7a5b79aad4579b07c754b88d8dc29a0ad1d1a62649546fb0902
mri,file1000976.h5,0.25,variable_density,cm,28.950069940150406,0.6751350164413452,0.012883029599520856,0,0.015931395813822746,522653184,NVIDIA A100-SXM4-80GB,7dce9d51fb22e7a5b79aad4579b07c754b88d8dc29a0ad1d1a62649546fb0902
mri,file1001064.h5,0.05,adasense_matched,cm,24.379759305288154,0.5077797174453735,0.049066081664935,1000,50.67209550924599,5960108544,NVIDIA A40,1447c97d466e4ff1a0c9ed5490cbdfbe52ff60a49b9b750166fe5cb59fc058e0
mri,file1001064.h5,0.05,ads_matched,cm,23.7942622512081,0.4950423836708069,0.056147585224275286,80032,6045.143281596713,31166598656,NVIDIA A40,1447c97d466e4ff1a0c9ed5490cbdfbe52ff60a49b9b750166fe5cb59fc058e0
mri,file1001064.h5,0.05,cm_spectral_once_k1,cm,23.155418074598366,0.48090100288391113,0.06504523842067107,1,0.07781631033867598,1187583488,NVIDIA A40,1447c97d466e4ff1a0c9ed5490cbdfbe52ff60a49b9b750166fe5cb59fc058e0
mri,file1001064.h5,0.05,cm_spectral_repeat_k1,cm,23.228448320976227,0.482540488243103,0.0639605948347859,5,0.3092936654575169,1189703680,NVIDIA A40,1447c97d466e4ff1a0c9ed5490cbdfbe52ff60a49b9b750166fe5cb59fc058e0
mri,file1001064.h5,0.05,cm_spectral_repeat_k10,cm,23.064888983913082,0.4794826805591583,0.06641534005847366,50,2.8863807478919625,1193472000,NVIDIA A40,1447c97d466e4ff1a0c9ed5490cbdfbe52ff60a49b9b750166fe5cb59fc058e0
mri,file1001064.h5,0.05,cm_spectral_repeat_k5,cm,23.035407863918643,0.47801557183265686,0.06686772185994298,25,1.45494683412835,1193472000,NVIDIA A40,1447c97d466e4ff1a0c9ed5490cbdfbe52ff60a49b9b750166fe5cb59fc058e0
mri,file1001064.h5,0.05,uniform,cm,19.60135768224849,0.39923062920570374,0.14744211241507973,0,0.040278589352965355,518648832,NVIDIA A40,1447c97d466e4ff1a0c9ed5490cbdfbe52ff60a49b9b750166fe5cb59fc058e0
mri,file1001064.h5,0.05,variable_density,cm,21.537604784992656,0.45596522092819214,0.09440540221055149,0,0.02143177716061473,522653184,NVIDIA A40,1447c97d466e4ff1a0c9ed5490cbdfbe52ff60a49b9b750166fe5cb59fc058e0
mri,file1001064.h5,0.1,adasense_matched,cm,26.75097483154167,0.5812729001045227,0.02842234014461337,1000,19.950001588091254,5960108544,NVIDIA A100-SXM4-80GB,6e02f2afcd19ec78051319112778a9bdc92f06eb79c43de90da6cd7fca9794d1
mri,file1001064.h5,0.1,ads_matched,cm,25.19742755097183,0.5507664680480957,0.04064569650048929,80032,2334.5378960208036,31166598656,NVIDIA A100-SXM4-80GB,6e02f2afcd19ec78051319112778a9bdc92f06eb79c43de90da6cd7fca9794d1
mri,file1001064.h5,0.1,cm_spectral_once_k1,cm,25.059026434217092,0.5478062629699707,0.0419618525835916,1,0.04573784116655588,1187288064,NVIDIA A100-SXM4-80GB,6e02f2afcd19ec78051319112778a9bdc92f06eb79c43de90da6cd7fca9794d1
mri,file1001064.h5,0.1,cm_spectral_repeat_k1,cm,25.095793096838936,0.5485573410987854,0.041608109729804166,5,0.17693703481927514,1189408256,NVIDIA A100-SXM4-80GB,6e02f2afcd19ec78051319112778a9bdc92f06eb79c43de90da6cd7fca9794d1
mri,file1001064.h5,0.1,cm_spectral_repeat_k10,cm,25.115915362072585,0.5492022633552551,0.04141577460541054,50,1.6319509488530457,1193176576,NVIDIA A100-SXM4-80GB,6e02f2afcd19ec78051319112778a9bdc92f06eb79c43de90da6cd7fca9794d1
mri,file1001064.h5,0.1,cm_spectral_repeat_k5,cm,25.111783306998614,0.5492472052574158,0.04145519651110442,25,0.8225670605897903,1193176576,NVIDIA A100-SXM4-80GB,6e02f2afcd19ec78051319112778a9bdc92f06eb79c43de90da6cd7fca9794d1
mri,file1001064.h5,0.1,uniform,cm,19.183569340372262,0.41334789991378784,0.16233058842914713,0,0.028036757837980986,518648832,NVIDIA A100-SXM4-80GB,6e02f2afcd19ec78051319112778a9bdc92f06eb79c43de90da6cd7fca9794d1
mri,file1001064.h5,0.1,variable_density,cm,26.690384144942673,0.5794117450714111,0.028821654304474434,0,0.013942807912826538,522653184,NVIDIA A100-SXM4-80GB,6e02f2afcd19ec78051319112778a9bdc92f06eb79c43de90da6cd7fca9794d1
mri,file1001064.h5,0.25,adasense_matched,cm,29.380687800919453,0.6912094950675964,0.015512740371001102,1000,12.939627601765096,5985438720,NVIDIA H100 NVL,c927bdc2ee404c6c781b857444efaed59e1ed1133a49fda4e2bfb60f8985888c
mri,file1001064.h5,0.25,ads_matched,cm,28.756813052573133,0.6795232892036438,0.017909192566252053,80032,1460.168617980089,31216668160,NVIDIA H100 NVL,c927bdc2ee404c6c781b857444efaed59e1ed1133a49fda4e2bfb60f8985888c
mri,file1001064.h5,0.25,cm_spectral_once_k1,cm,27.316287680799437,0.6450386643409729,0.02495333270561879,1,0.03426369186490774,1212618240,NVIDIA H100 NVL,c927bdc2ee404c6c781b857444efaed59e1ed1133a49fda4e2bfb60f8985888c
mri,file1001064.h5,0.25,cm_spectral_repeat_k1,cm,28.0640707918164,0.6610367298126221,0.021006331653534157,5,0.12244820035994053,1214738432,NVIDIA H100 NVL,c927bdc2ee404c6c781b857444efaed59e1ed1133a49fda4e2bfb60f8985888c
mri,file1001064.h5,0.25,cm_spectral_repeat_k10,cm,28.66526192295975,0.6763396859169006,0.01829073399691911,50,1.0914710792712867,1218506752,NVIDIA H100 NVL,c927bdc2ee404c6c781b857444efaed59e1ed1133a49fda4e2bfb60f8985888c
mri,file1001064.h5,0.25,cm_spectral_repeat_k5,cm,28.70337856995392,0.6775419116020203,0.018130903704976047,25,0.5533786825835705,1218506752,NVIDIA H100 NVL,c927bdc2ee404c6c781b857444efaed59e1ed1133a49fda4e2bfb60f8985888c
mri,file1001064.h5,0.25,uniform,cm,27.641829509191417,0.6487754583358765,0.023151245712977997,0,0.02613216917961836,543683584,NVIDIA H100 NVL,c927bdc2ee404c6c781b857444efaed59e1ed1133a49fda4e2bfb60f8985888c
mri,file1001064.h5,0.25,variable_density,cm,29.134092446386198,0.6844236850738525,0.016419051345873643,0,0.013690125197172165,547687936,NVIDIA H100 NVL,c927bdc2ee404c6c781b857444efaed59e1ed1133a49fda4e2bfb60f8985888c
mri,file1001119.h5,0.05,adasense_matched,cm,24.481341321451588,0.3340262174606323,0.08729295557774444,1000,12.98005934478715,5985438720,NVIDIA H100 NVL,272a1a2b2513df51d1f0fbfce1df71610fcc883d8ece843d8106c30605437941
mri,file1001119.h5,0.05,ads_matched,cm,24.227079490527604,0.3263510465621948,0.09255617057149973,80032,1459.9669562038034,31216668160,NVIDIA H100 NVL,272a1a2b2513df51d1f0fbfce1df71610fcc883d8ece843d8106c30605437941
mri,file1001119.h5,0.05,cm_spectral_once_k1,cm,22.58266456048044,0.2973047196865082,0.135159599917952,1,0.03341339994221926,1212618240,NVIDIA H100 NVL,272a1a2b2513df51d1f0fbfce1df71610fcc883d8ece843d8106c30605437941
mri,file1001119.h5,0.05,cm_spectral_repeat_k1,cm,24.18998686264349,0.32483071088790894,0.09335006863809223,5,0.12249846989288926,1214738432,NVIDIA H100 NVL,272a1a2b2513df51d1f0fbfce1df71610fcc883d8ece843d8106c30605437941
mri,file1001119.h5,0.05,cm_spectral_repeat_k10,cm,24.18998686264349,0.32483071088790894,0.09335006863809223,50,1.1006014100275934,1218506752,NVIDIA H100 NVL,272a1a2b2513df51d1f0fbfce1df71610fcc883d8ece843d8106c30605437941
mri,file1001119.h5,0.05,cm_spectral_repeat_k5,cm,24.19724314681252,0.32533788681030273,0.09319422827936125,25,0.5577539941295981,1218506752,NVIDIA H100 NVL,272a1a2b2513df51d1f0fbfce1df71610fcc883d8ece843d8106c30605437941
mri,file1001119.h5,0.05,uniform,cm,21.954338899069082,0.2996353805065155,0.15619943547622173,0,0.017482895869761705,543683584,NVIDIA H100 NVL,272a1a2b2513df51d1f0fbfce1df71610fcc883d8ece843d8106c30605437941
mri,file1001119.h5,0.05,variable_density,cm,23.288439878507692,0.323194682598114,0.11488659149728694,0,0.01129638310521841,547687936,NVIDIA H100 NVL,272a1a2b2513df51d1f0fbfce1df71610fcc883d8ece843d8106c30605437941
mri,file1001119.h5,0.1,adasense_matched,cm,25.305400834007393,0.3861657679080963,0.07220599394171882,1000,19.959159791935235,5960108544,NVIDIA A100-SXM4-80GB,fc96668e17fef5557d343f327d87957e91aea11abecae0f4d997143e08cf48fd
mri,file1001119.h5,0.1,ads_matched,cm,25.06649803080453,0.3759523034095764,0.07628928000556955,80032,2335.5325727080926,31166598656,NVIDIA A100-SXM4-80GB,fc96668e17fef5557d343f327d87957e91aea11abecae0f4d997143e08cf48fd
mri,file1001119.h5,0.1,cm_spectral_once_k1,cm,23.629806977322705,0.3479965925216675,0.10620198487438855,1,0.04578071506693959,1187288064,NVIDIA A100-SXM4-80GB,fc96668e17fef5557d343f327d87957e91aea11abecae0f4d997143e08cf48fd
mri,file1001119.h5,0.1,cm_spectral_repeat_k1,cm,24.019628996062117,0.35434195399284363,0.09708462302315052,5,0.1768498681485653,1189408256,NVIDIA A100-SXM4-80GB,fc96668e17fef5557d343f327d87957e91aea11abecae0f4d997143e08cf48fd
mri,file1001119.h5,0.1,cm_spectral_repeat_k10,cm,25.055407992646998,0.3756925165653229,0.07648433962819554,50,1.6322644320316613,1193176576,NVIDIA A100-SXM4-80GB,fc96668e17fef5557d343f327d87957e91aea11abecae0f4d997143e08cf48fd
mri,file1001119.h5,0.1,cm_spectral_repeat_k5,cm,25.086868325940305,0.37689605355262756,0.07593229125539491,25,0.822282041888684,1193176576,NVIDIA A100-SXM4-80GB,fc96668e17fef5557d343f327d87957e91aea11abecae0f4d997143e08cf48fd
mri,file1001119.h5,0.1,uniform,cm,23.118921865528375,0.33894675970077515,0.11945962191344685,0,0.02692941715940833,518648832,NVIDIA A100-SXM4-80GB,fc96668e17fef5557d343f327d87957e91aea11abecae0f4d997143e08cf48fd
mri,file1001119.h5,0.1,variable_density,cm,25.117351406710814,0.3874170780181885,0.07540118853935429,0,0.014079257380217314,522653184,NVIDIA A100-SXM4-80GB,fc96668e17fef5557d343f327d87957e91aea11abecae0f4d997143e08cf48fd
mri,file1001119.h5,0.25,adasense_matched,cm,26.757935566207152,0.5224876403808594,0.051679673756466066,1000,12.970526811666787,5985438720,NVIDIA H100 NVL,ae0d1052987d83ab657784ef9c463d7f7c79c3e4b3a44c024156ac3531254ba4
mri,file1001119.h5,0.25,ads_matched,cm,26.687193291105444,0.5169962048530579,0.05252837804309949,80032,1460.6537928790785,31216668160,NVIDIA H100 NVL,ae0d1052987d83ab657784ef9c463d7f7c79c3e4b3a44c024156ac3531254ba4
mri,file1001119.h5,0.25,cm_spectral_once_k1,cm,25.94027461253993,0.5019048452377319,0.0623858173329639,1,0.03477691113948822,1212618240,NVIDIA H100 NVL,ae0d1052987d83ab657784ef9c463d7f7c79c3e4b3a44c024156ac3531254ba4
mri,file1001119.h5,0.25,cm_spectral_repeat_k1,cm,25.855972479775403,0.49851855635643005,0.06360863776982736,5,0.12368473084643483,1214738432,NVIDIA H100 NVL,ae0d1052987d83ab657784ef9c463d7f7c79c3e4b3a44c024156ac3531254ba4
mri,file1001119.h5,0.25,cm_spectral_repeat_k10,cm,26.70430240347805,0.5185845494270325,0.05232184904899564,50,1.100986609235406,1218506752,NVIDIA H100 NVL,ae0d1052987d83ab657784ef9c463d7f7c79c3e4b3a44c024156ac3531254ba4
mri,file1001119.h5,0.25,cm_spectral_repeat_k5,cm,26.692942200143875,0.5176039934158325,0.052458893801826084,25,0.5587752633728087,1218506752,NVIDIA H100 NVL,ae0d1052987d83ab657784ef9c463d7f7c79c3e4b3a44c024156ac3531254ba4
mri,file1001119.h5,0.25,uniform,cm,25.534654932107486,0.4852182865142822,0.06849326129526481,0,0.02625173795968294,543683584,NVIDIA H100 NVL,ae0d1052987d83ab657784ef9c463d7f7c79c3e4b3a44c024156ac3531254ba4
mri,file1001119.h5,0.25,variable_density,cm,26.73277093693235,0.5230547785758972,0.05197999461268071,0,0.013922125101089478,547687936,NVIDIA H100 NVL,ae0d1052987d83ab657784ef9c463d7f7c79c3e4b3a44c024156ac3531254ba4
mri,file1001184.h5,0.05,adasense_matched,cm,25.790022661678783,0.5647880434989929,0.045020141061121115,1000,12.97571806423366,5985438720,NVIDIA H100 NVL,ac59d2a97d2283efcd2fe204b06fe026c308eade219d09307c26b24e7ce8429e
mri,file1001184.h5,0.05,ads_matched,cm,25.272058247318995,0.553874135017395,0.05072280877355355,80032,1461.5476094228216,31216668160,NVIDIA H100 NVL,ac59d2a97d2283efcd2fe204b06fe026c308eade219d09307c26b24e7ce8429e
mri,file1001184.h5,0.05,cm_spectral_once_k1,cm,24.209624288683585,0.5328026413917542,0.06478085740524471,1,0.03340053046122193,1212618240,NVIDIA H100 NVL,ac59d2a97d2283efcd2fe204b06fe026c308eade219d09307c26b24e7ce8429e
mri,file1001184.h5,0.05,cm_spectral_repeat_k1,cm,24.24478140947505,0.5279333591461182,0.06425856148794924,5,0.1224525012075901,1214738432,NVIDIA H100 NVL,ac59d2a97d2283efcd2fe204b06fe026c308eade219d09307c26b24e7ce8429e
mri,file1001184.h5,0.05,cm_spectral_repeat_k10,cm,23.845199668235985,0.523910641670227,0.07045132502931038,50,1.1003295220434666,1218506752,NVIDIA H100 NVL,ac59d2a97d2283efcd2fe204b06fe026c308eade219d09307c26b24e7ce8429e
mri,file1001184.h5,0.05,cm_spectral_repeat_k5,cm,24.204742412667194,0.5304439663887024,0.06485372111081561,25,0.5577045227400959,1218506752,NVIDIA H100 NVL,ac59d2a97d2283efcd2fe204b06fe026c308eade219d09307c26b24e7ce8429e
mri,file1001184.h5,0.05,uniform,cm,20.070975013000833,0.43744513392448425,0.16800091509933446,0,0.024286267813295126,543683584,NVIDIA H100 NVL,ac59d2a97d2283efcd2fe204b06fe026c308eade219d09307c26b24e7ce8429e
mri,file1001184.h5,0.05,variable_density,cm,22.826680666847707,0.5129308104515076,0.08907196892277712,0,0.011354584246873856,547687936,NVIDIA H100 NVL,ac59d2a97d2283efcd2fe204b06fe026c308eade219d09307c26b24e7ce8429e
mri,file1001184.h5,0.1,adasense_matched,cm,28.948775880356873,0.6482064723968506,0.021753620374974126,1000,19.961914172861725,5960108544,NVIDIA A100-SXM4-80GB,37cc2a0bbc0c45f1be16b0c8bdd79ea83ed995b8d85dd58d7f3dc913deb3af4e
mri,file1001184.h5,0.1,ads_matched,cm,28.04306021680324,0.6227142214775085,0.026798043875422065,80032,2335.82821960561,31166598656,NVIDIA A100-SXM4-80GB,37cc2a0bbc0c45f1be16b0c8bdd79ea83ed995b8d85dd58d7f3dc913deb3af4e
mri,file1001184.h5,0.1,cm_spectral_once_k1,cm,27.50569958372978,0.6112382411956787,0.030327678929280035,1,0.04546246072277427,1187288064,NVIDIA A100-SXM4-80GB,37cc2a0bbc0c45f1be16b0c8bdd79ea83ed995b8d85dd58d7f3dc913deb3af4e
mri,file1001184.h5,0.1,cm_spectral_repeat_k1,cm,27.606930760727497,0.6142000555992126,0.029628936502789676,5,0.1764576374553144,1189408256,NVIDIA A100-SXM4-80GB,37cc2a0bbc0c45f1be16b0c8bdd79ea83ed995b8d85dd58d7f3dc913deb3af4e
mri,file1001184.h5,0.1,cm_spectral_repeat_k10,cm,27.57337302153065,0.6127464175224304,0.029858764824356787,50,1.6280802437104285,1193176576,NVIDIA A100-SXM4-80GB,37cc2a0bbc0c45f1be16b0c8bdd79ea83ed995b8d85dd58d7f3dc913deb3af4e
mri,file1001184.h5,0.1,cm_spectral_repeat_k5,cm,27.57337302153065,0.6127464175224304,0.029858764824356787,25,0.8211509673856199,1193176576,NVIDIA A100-SXM4-80GB,37cc2a0bbc0c45f1be16b0c8bdd79ea83ed995b8d85dd58d7f3dc913deb3af4e
mri,file1001184.h5,0.1,uniform,cm,19.39587068229448,0.44784876704216003,0.19625560455592114,0,0.028413512278348207,518648832,NVIDIA A100-SXM4-80GB,37cc2a0bbc0c45f1be16b0c8bdd79ea83ed995b8d85dd58d7f3dc913deb3af4e
mri,file1001184.h5,0.1,variable_density,cm,28.167395802910818,0.6384211778640747,0.026041713318709768,0,0.01385275786742568,522653184,NVIDIA A100-SXM4-80GB,37cc2a0bbc0c45f1be16b0c8bdd79ea83ed995b8d85dd58d7f3dc913deb3af4e
mri,file1001184.h5,0.25,adasense_matched,cm,31.32753035856104,0.7563982605934143,0.012579288709768568,1000,12.944936412852257,5985438720,NVIDIA H100 NVL,4f81f3aac9075f620d6a84f0f55e729641cf7bf52f5affab5a49efd523540190
mri,file1001184.h5,0.25,ads_matched,cm,30.766162250898734,0.740443229675293,0.014315051344254702,80032,1461.5157869220711,31216668160,NVIDIA H100 NVL,4f81f3aac9075f620d6a84f0f55e729641cf7bf52f5affab5a49efd523540190
mri,file1001184.h5,0.25,cm_spectral_once_k1,cm,29.95155982290942,0.7125737071037292,0.017268441209957075,1,0.034323411993682384,1212618240,NVIDIA H100 NVL,4f81f3aac9075f620d6a84f0f55e729641cf7bf52f5affab5a49efd523540190
mri,file1001184.h5,0.25,cm_spectral_repeat_k1,cm,30.45482967711456,0.7285350561141968,0.0153789316781202,5,0.12249214947223663,1214738432,NVIDIA H100 NVL,4f81f3aac9075f620d6a84f0f55e729641cf7bf52f5affab5a49efd523540190
mri,file1001184.h5,0.25,cm_spectral_repeat_k10,cm,30.73869351549621,0.7390127182006836,0.014405879055185587,50,1.0922144297510386,1218506752,NVIDIA H100 NVL,4f81f3aac9075f620d6a84f0f55e729641cf7bf52f5affab5a49efd523540190
mri,file1001184.h5,0.25,cm_spectral_repeat_k5,cm,30.73869351549621,0.7390127182006836,0.014405879055185587,25,0.5536761395633221,1218506752,NVIDIA H100 NVL,4f81f3aac9075f620d6a84f0f55e729641cf7bf52f5affab5a49efd523540190
mri,file1001184.h5,0.25,uniform,cm,28.523586219899848,0.6860815286636353,0.023991119371361447,0,0.026222439017146826,543683584,NVIDIA H100 NVL,4f81f3aac9075f620d6a84f0f55e729641cf7bf52f5affab5a49efd523540190
mri,file1001184.h5,0.25,variable_density,cm,31.21826405537596,0.7486371397972107,0.01289979206285278,0,0.013665223959833384,547687936,NVIDIA H100 NVL,4f81f3aac9075f620d6a84f0f55e729641cf7bf52f5affab5a49efd523540190
mri,file1001262.h5,0.05,adasense_matched,cm,25.097675746668738,0.3931807577610016,0.08700552696648692,1000,19.927757465746254,5960108544,NVIDIA A100-SXM4-80GB,c84be856148a934780bc5b01b71e363b0b66665f93bc0c7d4bd6144be422caee
mri,file1001262.h5,0.05,ads_matched,cm,24.81049088967449,0.38751837611198425,0.09295341292293886,80032,2334.6318017169833,31166598656,NVIDIA A100-SXM4-80GB,c84be856148a934780bc5b01b71e363b0b66665f93bc0c7d4bd6144be422caee
mri,file1001262.h5,0.05,cm_spectral_once_k1,cm,23.48926107294865,0.3644010126590729,0.1260051515336926,1,0.045044099912047386,1187288064,NVIDIA A100-SXM4-80GB,c84be856148a934780bc5b01b71e363b0b66665f93bc0c7d4bd6144be422caee
mri,file1001262.h5,0.05,cm_spectral_repeat_k1,cm,24.88685653914618,0.38918378949165344,0.09133321847612393,5,0.17659179866313934,1189408256,NVIDIA A100-SXM4-80GB,c84be856148a934780bc5b01b71e363b0b66665f93bc0c7d4bd6144be422caee
mri,file1001262.h5,0.05,cm_spectral_repeat_k10,cm,24.74368369357721,0.38581088185310364,0.09439436102089811,50,1.6261175833642483,1193176576,NVIDIA A100-SXM4-80GB,c84be856148a934780bc5b01b71e363b0b66665f93bc0c7d4bd6144be422caee
mri,file1001262.h5,0.05,cm_spectral_repeat_k5,cm,24.78260090686442,0.3855140209197998,0.09355227049624218,25,0.8214117689058185,1193176576,NVIDIA A100-SXM4-80GB,c84be856148a934780bc5b01b71e363b0b66665f93bc0c7d4bd6144be422caee
mri,file1001262.h5,0.05,uniform,cm,22.490876458921228,0.3522610366344452,0.1585721014790281,0,0.027470601722598076,518648832,NVIDIA A100-SXM4-80GB,c84be856148a934780bc5b01b71e363b0b66665f93bc0c7d4bd6144be422caee
mri,file1001262.h5,0.05,variable_density,cm,23.718368458952952,0.37517663836479187,0.11953017698744568,0,0.013612792827188969,522653184,NVIDIA A100-SXM4-80GB,c84be856148a934780bc5b01b71e363b0b66665f93bc0c7d4bd6144be422caee
mri,file1001262.h5,0.1,adasense_matched,cm,26.770555948091463,0.46014729142189026,0.05919143141065585,1000,12.967642021365464,5985438720,NVIDIA H100 NVL,38ff1bbd519f7af711b8893b82c2fcec872a9c4c37b8b79d6fc7d7a418b528c8
mri,file1001262.h5,0.1,ads_matched,cm,26.420663697269127,0.4510069191455841,0.06415758845212735,80032,1459.9003670532256,31216668160,NVIDIA H100 NVL,38ff1bbd519f7af711b8893b82c2fcec872a9c4c37b8b79d6fc7d7a418b528c8
mri,file1001262.h5,0.1,cm_spectral_once_k1,cm,25.214783395727814,0.4255863428115845,0.08469077178677564,1,0.033772051334381104,1212618240,NVIDIA H100 NVL,38ff1bbd519f7af711b8893b82c2fcec872a9c4c37b8b79d6fc7d7a418b528c8
mri,file1001262.h5,0.1,cm_spectral_repeat_k1,cm,25.88003683584931,0.4392380118370056,0.07266256521769467,5,0.12246074993163347,1214738432,NVIDIA H100 NVL,38ff1bbd519f7af711b8893b82c2fcec872a9c4c37b8b79d6fc7d7a418b528c8
mri,file1001262.h5,0.1,cm_spectral_repeat_k10,cm,26.49269133751822,0.45264217257499695,0.06310231268211443,50,1.100007210392505,1218506752,NVIDIA H100 NVL,38ff1bbd519f7af711b8893b82c2fcec872a9c4c37b8b79d6fc7d7a418b528c8
mri,file1001262.h5,0.1,cm_spectral_repeat_k5,cm,26.478355222665556,0.4516526162624359,0.06331095680751703,25,0.5572123611345887,1218506752,NVIDIA H100 NVL,38ff1bbd519f7af711b8893b82c2fcec872a9c4c37b8b79d6fc7d7a418b528c8
mri,file1001262.h5,0.1,uniform,cm,23.08868372839918,0.39112114906311035,0.138180267316737,0,0.018257305957376957,543683584,NVIDIA H100 NVL,38ff1bbd519f7af711b8893b82c2fcec872a9c4c37b8b79d6fc7d7a418b528c8
mri,file1001262.h5,0.1,variable_density,cm,26.312488153953012,0.457035094499588,0.06577571570398613,0,0.0121908038854599,547687936,NVIDIA H100 NVL,38ff1bbd519f7af711b8893b82c2fcec872a9c4c37b8b79d6fc7d7a418b528c8
mri,file1001262.h5,0.25,adasense_matched,cm,28.789409266911356,0.5920171141624451,0.03718548697980821,1000,50.64515442913398,5960108544,NVIDIA A40,5980fb465dbaa6299e9b634151131ffa2b995194af84227a0f9b74df076e9261
mri,file1001262.h5,0.25,ads_matched,cm,28.687400026122823,0.5860961675643921,0.03806925685104469,80032,6045.0325869759545,31166598656,NVIDIA A40,5980fb465dbaa6299e9b634151131ffa2b995194af84227a0f9b74df076e9261
mri,file1001262.h5,0.25,cm_spectral_once_k1,cm,26.848865408918037,0.5427913069725037,0.058133690101831115,1,0.07895517582073808,1187583488,NVIDIA A40,5980fb465dbaa6299e9b634151131ffa2b995194af84227a0f9b74df076e9261
mri,file1001262.h5,0.25,cm_spectral_repeat_k1,cm,27.034378411511803,0.5480053424835205,0.05570274011597358,5,0.3102243491448462,1189703680,NVIDIA A40,5980fb465dbaa6299e9b634151131ffa2b995194af84227a0f9b74df076e9261
mri,file1001262.h5,0.25,cm_spectral_repeat_k10,cm,28.709404774887787,0.5878729820251465,0.03787685676876614,50,2.8854716871865094,1193472000,NVIDIA A40,5980fb465dbaa6299e9b634151131ffa2b995194af84227a0f9b74df076e9261
mri,file1001262.h5,0.25,cm_spectral_repeat_k5,cm,28.730142702166937,0.5883121490478516,0.03769642377452993,25,1.4546400345861912,1193472000,NVIDIA A40,5980fb465dbaa6299e9b634151131ffa2b995194af84227a0f9b74df076e9261
mri,file1001262.h5,0.25,uniform,cm,26.318367525780275,0.5310214757919312,0.06568672987972733,0,0.054563998244702816,518648832,NVIDIA A40,5980fb465dbaa6299e9b634151131ffa2b995194af84227a0f9b74df076e9261
mri,file1001262.h5,0.25,variable_density,cm,28.742431804189465,0.5896152853965759,0.03758990662752934,0,0.023156551644206047,522653184,NVIDIA A40,5980fb465dbaa6299e9b634151131ffa2b995194af84227a0f9b74df076e9261
mri,file1001365.h5,0.05,adasense_matched,cm,22.21256401758204,0.25712135434150696,0.10871068841348708,1000,19.94204666092992,5960108544,NVIDIA A100-SXM4-80GB,39414f740c9a855f2dfe696009b04b2e62546a9f6be3d99c59bf5e41f290efc8
mri,file1001365.h5,0.05,ads_matched,cm,21.71454731557697,0.24781948328018188,0.12191971235693858,80032,2335.3061251291074,31166598656,NVIDIA A100-SXM4-80GB,39414f740c9a855f2dfe696009b04b2e62546a9f6be3d99c59bf5e41f290efc8
mri,file1001365.h5,0.05,cm_spectral_once_k1,cm,20.113931393539893,0.2257508784532547,0.17625259739116841,1,0.04558207467198372,1187288064,NVIDIA A100-SXM4-80GB,39414f740c9a855f2dfe696009b04b2e62546a9f6be3d99c59bf5e41f290efc8
mri,file1001365.h5,0.05,cm_spectral_repeat_k1,cm,21.305059469394266,0.2424793541431427,0.1339746745517613,5,0.1793055604211986,1189408256,NVIDIA A100-SXM4-80GB,39414f740c9a855f2dfe696009b04b2e62546a9f6be3d99c59bf5e41f290efc8
mri,file1001365.h5,0.05,cm_spectral_repeat_k10,cm,21.756256721064737,0.24842451512813568,0.12075440214879872,50,1.6269024363718927,1193176576,NVIDIA A100-SXM4-80GB,39414f740c9a855f2dfe696009b04b2e62546a9f6be3d99c59bf5e41f290efc8
mri,file1001365.h5,0.05,cm_spectral_repeat_k5,cm,21.757495668699338,0.24823759496212006,0.12071995576368046,25,0.8211207408457994,1193176576,NVIDIA A100-SXM4-80GB,39414f740c9a855f2dfe696009b04b2e62546a9f6be3d99c59bf5e41f290efc8
mri,file1001365.h5,0.05,uniform,cm,19.125691281480147,0.21243859827518463,0.22128884094147644,0,0.026058439165353775,518648832,NVIDIA A100-SXM4-80GB,39414f740c9a855f2dfe696009b04b2e62546a9f6be3d99c59bf5e41f290efc8
mri,file1001365.h5,0.05,variable_density,cm,20.200408646388503,0.2320667952299118,0.17277774010316746,0,0.013307079207152128,522653184,NVIDIA A100-SXM4-80GB,39414f740c9a855f2dfe696009b04b2e62546a9f6be3d99c59bf5e41f290efc8
mri,file1001365.h5,0.1,adasense_matched,cm,23.33892527556509,0.325960248708725,0.08387569673583725,1000,50.65825753798708,5960108544,NVIDIA A40,4b24997c6febe5921b72b9f55775b3d1f74c1ad07ce911e68249fa518a710815
mri,file1001365.h5,0.1,ads_matched,cm,23.081706269181357,0.31712350249290466,0.08899344384130557,80032,6044.010261290241,31166598656,NVIDIA A40,4b24997c6febe5921b72b9f55775b3d1f74c1ad07ce911e68249fa518a710815
mri,file1001365.h5,0.1,cm_spectral_once_k1,cm,20.576649805411506,0.2722196578979492,0.1584395671066486,1,0.07860350934788585,1187583488,NVIDIA A40,4b24997c6febe5921b72b9f55775b3d1f74c1ad07ce911e68249fa518a710815
mri,file1001365.h5,0.1,cm_spectral_repeat_k1,cm,22.06445964845646,0.2960032522678375,0.11248190971621873,5,0.30921670515090227,1189703680,NVIDIA A40,4b24997c6febe5921b72b9f55775b3d1f74c1ad07ce911e68249fa518a710815
mri,file1001365.h5,0.1,cm_spectral_repeat_k10,cm,23.11915991675694,0.31752508878707886,0.08822926577821308,50,2.8864423725754023,1193472000,NVIDIA A40,4b24997c6febe5921b72b9f55775b3d1f74c1ad07ce911e68249fa518a710815
mri,file1001365.h5,0.1,cm_spectral_repeat_k5,cm,23.109305808901667,0.3174048960208893,0.08842968356088222,25,1.4540662514045835,1193472000,NVIDIA A40,4b24997c6febe5921b72b9f55775b3d1f74c1ad07ce911e68249fa518a710815
mri,file1001365.h5,0.1,uniform,cm,20.432877611383642,0.26566585898399353,0.1637724585254307,0,0.047690550331026316,518648832,NVIDIA A40,4b24997c6febe5921b72b9f55775b3d1f74c1ad07ce911e68249fa518a710815
mri,file1001365.h5,0.1,variable_density,cm,22.947520624656352,0.324382483959198,0.09178602759714097,0,0.02134109614416957,522653184,NVIDIA A40,4b24997c6febe5921b72b9f55775b3d1f74c1ad07ce911e68249fa518a710815
mri,file1001365.h5,0.25,adasense_matched,cm,25.141757478459436,0.46784093976020813,0.05537999474741158,1000,19.94755055103451,5960108544,NVIDIA A100-SXM4-80GB,72b4aa81f610060b78ba8a9bfd71169fa9640005f6f1769d303e99e4ba980fd0
mri,file1001365.h5,0.25,ads_matched,cm,25.060417523999234,0.46285027265548706,0.056426991221068055,80032,2336.0178012019023,31166598656,NVIDIA A100-SXM4-80GB,72b4aa81f610060b78ba8a9bfd71169fa9640005f6f1769d303e99e4ba980fd0
mri,file1001365.h5,0.25,cm_spectral_once_k1,cm,23.7687974073623,0.4290340542793274,0.0759711896215479,1,0.04720148257911205,1187288064,NVIDIA A100-SXM4-80GB,72b4aa81f610060b78ba8a9bfd71169fa9640005f6f1769d303e99e4ba980fd0
mri,file1001365.h5,0.25,cm_spectral_repeat_k1,cm,23.986718829813274,0.4325757622718811,0.07225314236447235,5,0.17814535973593593,1189408256,NVIDIA A100-SXM4-80GB,72b4aa81f610060b78ba8a9bfd71169fa9640005f6f1769d303e99e4ba980fd0
mri,file1001365.h5,0.25,cm_spectral_repeat_k10,cm,25.100034624553942,0.4660293757915497,0.05591459315389635,50,1.6316987127065659,1193176576,NVIDIA A100-SXM4-80GB,72b4aa81f610060b78ba8a9bfd71169fa9640005f6f1769d303e99e4ba980fd0
mri,file1001365.h5,0.25,cm_spectral_repeat_k5,cm,25.091436183558315,0.4651915431022644,0.05602540611791958,25,0.8233968280255795,1193176576,NVIDIA A100-SXM4-80GB,72b4aa81f610060b78ba8a9bfd71169fa9640005f6f1769d303e99e4ba980fd0
mri,file1001365.h5,0.25,uniform,cm,22.98679218985837,0.4083942770957947,0.09095978888183712,0,0.030411778017878532,518648832,NVIDIA A100-SXM4-80GB,72b4aa81f610060b78ba8a9bfd71169fa9640005f6f1769d303e99e4ba980fd0
mri,file1001365.h5,0.25,variable_density,cm,25.12626306165064,0.4696984589099884,0.055577926652882935,0,0.01676731463521719,522653184,NVIDIA A100-SXM4-80GB,72b4aa81f610060b78ba8a9bfd71169fa9640005f6f1769d303e99e4ba980fd0
mri,file1001381.h5,0.05,adasense_matched,cm,27.61982328768607,0.6544045805931091,0.032871069393808454,1000,19.92778939474374,5960108544,NVIDIA A100-SXM4-80GB,29bee27922d95a11aa5cc63696e510c6f99560187eddb534dc07889b7443bf6a
mri,file1001381.h5,0.05,ads_matched,cm,27.055210226567358,0.6470385789871216,0.03743476738360799,80032,2335.782833426725,31166598656,NVIDIA A100-SXM4-80GB,29bee27922d95a11aa5cc63696e510c6f99560187eddb534dc07889b7443bf6a
mri,file1001381.h5,0.05,cm_spectral_once_k1,cm,26.657039151925744,0.6345582604408264,0.04102912469744878,1,0.04514928720891476,1187288064,NVIDIA A100-SXM4-80GB,29bee27922d95a11aa5cc63696e510c6f99560187eddb534dc07889b7443bf6a
mri,file1001381.h5,0.05,cm_spectral_repeat_k1,cm,26.657039151925744,0.6345582604408264,0.04102912469744878,5,0.17602026695385575,1189408256,NVIDIA A100-SXM4-80GB,29bee27922d95a11aa5cc63696e510c6f99560187eddb534dc07889b7443bf6a
mri,file1001381.h5,0.05,cm_spectral_repeat_k10,cm,26.791923918962063,0.639056921005249,0.039774411499197984,50,1.6281061577610672,1193176576,NVIDIA A100-SXM4-80GB,29bee27922d95a11aa5cc63696e510c6f99560187eddb534dc07889b7443bf6a
mri,file1001381.h5,0.05,cm_spectral_repeat_k5,cm,26.909936514119916,0.637356698513031,0.038708157142428694,25,0.8219193941913545,1193176576,NVIDIA A100-SXM4-80GB,29bee27922d95a11aa5cc63696e510c6f99560187eddb534dc07889b7443bf6a
mri,file1001381.h5,0.05,uniform,cm,18.2208256540184,0.5092145800590515,0.2862289711441816,0,0.019413183443248272,518648832,NVIDIA A100-SXM4-80GB,29bee27922d95a11aa5cc63696e510c6f99560187eddb534dc07889b7443bf6a
mri,file1001381.h5,0.05,variable_density,cm,19.0243252183008,0.5459805130958557,0.23788311413310723,0,0.014573836699128151,522653184,NVIDIA A100-SXM4-80GB,29bee27922d95a11aa5cc63696e510c6f99560187eddb534dc07889b7443bf6a
mri,file1001381.h5,0.1,adasense_matched,cm,31.230498004428746,0.7326973676681519,0.014313516683321915,1000,19.947225885931402,5960108544,NVIDIA A100-SXM4-80GB,5145f80cfba420e5f93944706592426b6bb35b4262bfb93819bd244ffa8626cc
mri,file1001381.h5,0.1,ads_matched,cm,30.404295921082998,0.7155290842056274,0.01731276957559515,80032,2336.229728986975,31166598656,NVIDIA A100-SXM4-80GB,5145f80cfba420e5f93944706592426b6bb35b4262bfb93819bd244ffa8626cc
mri,file1001381.h5,0.1,cm_spectral_once_k1,cm,30.08690763493346,0.7098578214645386,0.018625389738705745,1,0.045388761442154646,1187288064,NVIDIA A100-SXM4-80GB,5145f80cfba420e5f93944706592426b6bb35b4262bfb93819bd244ffa8626cc
mri,file1001381.h5,0.1,cm_spectral_repeat_k1,cm,30.08396132703374,0.7094141244888306,0.01863803096136559,5,0.1769924284890294,1189408256,NVIDIA A100-SXM4-80GB,5145f80cfba420e5f93944706592426b6bb35b4262bfb93819bd244ffa8626cc
mri,file1001381.h5,0.1,cm_spectral_repeat_k10,cm,30.081224093924,0.7092528343200684,0.01864978026216681,50,1.6337509187869728,1193176576,NVIDIA A100-SXM4-80GB,5145f80cfba420e5f93944706592426b6bb35b4262bfb93819bd244ffa8626cc
mri,file1001381.h5,0.1,cm_spectral_repeat_k5,cm,30.081224093924,0.7092528343200684,0.01864978026216681,25,0.8244353220798075,1193176576,NVIDIA A100-SXM4-80GB,5145f80cfba420e5f93944706592426b6bb35b4262bfb93819bd244ffa8626cc
mri,file1001381.h5,0.1,uniform,cm,21.730825613830717,0.5844621658325195,0.1275597307893283,0,0.020183748099952936,518648832,NVIDIA A100-SXM4-80GB,5145f80cfba420e5f93944706592426b6bb35b4262bfb93819bd244ffa8626cc
mri,file1001381.h5,0.1,variable_density,cm,30.583513656302628,0.7311854362487793,0.016612874245881485,0,0.01410956121981144,522653184,NVIDIA A100-SXM4-80GB,5145f80cfba420e5f93944706592426b6bb35b4262bfb93819bd244ffa8626cc
mri,file1001381.h5,0.25,adasense_matched,cm,33.77514004705835,0.8102245926856995,0.00796676779569288,1000,50.649633766151965,5960108544,NVIDIA A40,6c754506b08054f3ece4cae459d0c6d6df200d3c4fa71defdf53ab54e368a5e7
mri,file1001381.h5,0.25,ads_matched,cm,33.24514708306171,0.7975721955299377,0.009000806784377851,80032,6044.679824213032,31166598656,NVIDIA A40,6c754506b08054f3ece4cae459d0c6d6df200d3c4fa71defdf53ab54e368a5e7
mri,file1001381.h5,0.25,cm_spectral_once_k1,cm,32.19992065237166,0.7785739898681641,0.011449963330968769,1,0.07878945721313357,1187583488,NVIDIA A40,6c754506b08054f3ece4cae459d0c6d6df200d3c4fa71defdf53ab54e368a5e7
mri,file1001381.h5,0.25,cm_spectral_repeat_k1,cm,32.95620172195648,0.7918701171875,0.009620019995359061,5,0.31029939092695713,1189703680,NVIDIA A40,6c754506b08054f3ece4cae459d0c6d6df200d3c4fa71defdf53ab54e368a5e7
mri,file1001381.h5,0.25,cm_spectral_repeat_k10,cm,33.20500077729385,0.7964186072349548,0.009084396143644745,50,2.887476251460612,1193472000,NVIDIA A40,6c754506b08054f3ece4cae459d0c6d6df200d3c4fa71defdf53ab54e368a5e7
mri,file1001381.h5,0.25,cm_spectral_repeat_k5,cm,33.16118679663684,0.7955007553100586,0.009176508311782992,25,1.4552352377213538,1193472000,NVIDIA A40,6c754506b08054f3ece4cae459d0c6d6df200d3c4fa71defdf53ab54e368a5e7
mri,file1001381.h5,0.25,uniform,cm,31.758355760130883,0.780504047870636,0.012675367693795197,0,0.04857998201623559,518648832,NVIDIA A40,6c754506b08054f3ece4cae459d0c6d6df200d3c4fa71defdf53ab54e368a5e7
mri,file1001381.h5,0.25,variable_density,cm,33.67832713603326,0.8062101602554321,0.00814635696980246,0,0.023184414952993393,522653184,NVIDIA A40,6c754506b08054f3ece4cae459d0c6d6df200d3c4fa71defdf53ab54e368a5e7
mri,file1001566.h5,0.05,adasense_matched,cm,24.195197263847593,0.467210590839386,0.11210841710068101,1000,12.950089345220476,5985438720,NVIDIA H100 NVL,3fd2f7b14cb8cb73f7700661f8d88c86f4e6159458e820645ced0c87a8731b29
mri,file1001566.h5,0.05,ads_matched,cm,24.044039338890244,0.45992612838745117,0.11607910139070686,80032,1459.1166097749956,31216668160,NVIDIA H100 NVL,3fd2f7b14cb8cb73f7700661f8d88c86f4e6159458e820645ced0c87a8731b29
mri,file1001566.h5,0.05,cm_spectral_once_k1,cm,23.740660040061222,0.4529304504394531,0.12447780812243935,1,0.03304393123835325,1212618240,NVIDIA H100 NVL,3fd2f7b14cb8cb73f7700661f8d88c86f4e6159458e820645ced0c87a8731b29
mri,file1001566.h5,0.05,cm_spectral_repeat_k1,cm,23.477193201670556,0.44684791564941406,0.13226307304692494,5,0.12118654791265726,1214738432,NVIDIA H100 NVL,3fd2f7b14cb8cb73f7700661f8d88c86f4e6159458e820645ced0c87a8731b29
mri,file1001566.h5,0.05,cm_spectral_repeat_k10,cm,23.792430798231912,0.4542568027973175,0.12300276332350801,50,1.089975486509502,1218506752,NVIDIA H100 NVL,3fd2f7b14cb8cb73f7700661f8d88c86f4e6159458e820645ced0c87a8731b29
mri,file1001566.h5,0.05,cm_spectral_repeat_k5,cm,23.792430798231912,0.4542568027973175,0.12300276332350801,25,0.5521072195842862,1218506752,NVIDIA H100 NVL,3fd2f7b14cb8cb73f7700661f8d88c86f4e6159458e820645ced0c87a8731b29
mri,file1001566.h5,0.05,uniform,cm,21.352073274901123,0.4054349362850189,0.21574991167322824,0,0.02386192698031664,543683584,NVIDIA H100 NVL,3fd2f7b14cb8cb73f7700661f8d88c86f4e6159458e820645ced0c87a8731b29
mri,file1001566.h5,0.05,variable_density,cm,22.16412978588461,0.44452065229415894,0.17895546455668387,0,0.01130433427169919,547687936,NVIDIA H100 NVL,3fd2f7b14cb8cb73f7700661f8d88c86f4e6159458e820645ced0c87a8731b29
mri,file1001566.h5,0.1,adasense_matched,cm,26.407814212034175,0.5512000918388367,0.06735603684253438,1000,19.956893166992813,5960108544,NVIDIA A100-SXM4-80GB,030a4561479fbd3841a9ef20b61fb6228724cdcfe64099032382620820e45030
mri,file1001566.h5,0.1,ads_matched,cm,25.773225596166455,0.5318955779075623,0.07795345869098566,80032,2335.9728645747527,31166598656,NVIDIA A100-SXM4-80GB,030a4561479fbd3841a9ef20b61fb6228724cdcfe64099032382620820e45030
mri,file1001566.h5,0.1,cm_spectral_once_k1,cm,25.733061861131784,0.5305933356285095,0.07867771715165807,1,0.04537715623155236,1187288064,NVIDIA A100-SXM4-80GB,030a4561479fbd3841a9ef20b61fb6228724cdcfe64099032382620820e45030
mri,file1001566.h5,0.1,cm_spectral_repeat_k1,cm,25.34918509364296,0.522267758846283,0.08594872573840373,5,0.17658883426338434,1189408256,NVIDIA A100-SXM4-80GB,030a4561479fbd3841a9ef20b61fb6228724cdcfe64099032382620820e45030
mri,file1001566.h5,0.1,cm_spectral_repeat_k10,cm,25.778078730906486,0.5319690704345703,0.07786639598751016,50,1.630911920685321,1193176576,NVIDIA A100-SXM4-80GB,030a4561479fbd3841a9ef20b61fb6228724cdcfe64099032382620820e45030
mri,file1001566.h5,0.1,cm_spectral_repeat_k5,cm,25.50290796926443,0.525895893573761,0.08295969581460669,25,0.8223058767616749,1193176576,NVIDIA A100-SXM4-80GB,030a4561479fbd3841a9ef20b61fb6228724cdcfe64099032382620820e45030
mri,file1001566.h5,0.1,uniform,cm,22.08900374002276,0.4453693628311157,0.1820780468066229,0,0.028410980943590403,518648832,NVIDIA A100-SXM4-80GB,030a4561479fbd3841a9ef20b61fb6228724cdcfe64099032382620820e45030
mri,file1001566.h5,0.1,variable_density,cm,25.833328637593095,0.5483953952789307,0.07688207303266907,0,0.014024848118424416,522653184,NVIDIA A100-SXM4-80GB,030a4561479fbd3841a9ef20b61fb6228724cdcfe64099032382620820e45030
mri,file1001566.h5,0.25,adasense_matched,cm,29.005410899994978,0.6855289340019226,0.03703538379957439,1000,12.935911141335964,5985438720,NVIDIA H100 NVL,f184f041508d90967c0c6575eabe25575ba59219d3ed59f50eb1d22d1dc12068
mri,file1001566.h5,0.25,ads_matched,cm,28.495704179843884,0.6737639904022217,0.04164736329048774,80032,1459.8886533388868,31216668160,NVIDIA H100 NVL,f184f041508d90967c0c6575eabe25575ba59219d3ed59f50eb1d22d1dc12068
mri,file1001566.h5,0.25,cm_spectral_once_k1,cm,26.617452170805528,0.6030257344245911,0.06418192625327279,1,0.03442832175642252,1212618240,NVIDIA H100 NVL,f184f041508d90967c0c6575eabe25575ba59219d3ed59f50eb1d22d1dc12068
mri,file1001566.h5,0.25,cm_spectral_repeat_k1,cm,26.642056801030115,0.6066698431968689,0.06381933616470585,5,0.12251086113974452,1214738432,NVIDIA H100 NVL,f184f041508d90967c0c6575eabe25575ba59219d3ed59f50eb1d22d1dc12068
mri,file1001566.h5,0.25,cm_spectral_repeat_k10,cm,28.504668486520906,0.673478901386261,0.04156149004016015,50,1.0911433077417314,1218506752,NVIDIA H100 NVL,f184f041508d90967c0c6575eabe25575ba59219d3ed59f50eb1d22d1dc12068
mri,file1001566.h5,0.25,cm_spectral_repeat_k5,cm,28.603525091235365,0.6764697432518005,0.04062612778592751,25,0.5534089426510036,1218506752,NVIDIA H100 NVL,f184f041508d90967c0c6575eabe25575ba59219d3ed59f50eb1d22d1dc12068
mri,file1001566.h5,0.25,uniform,cm,24.727488317300214,0.5735399127006531,0.09917657713762551,0,0.022125957068055868,543683584,NVIDIA H100 NVL,f184f041508d90967c0c6575eabe25575ba59219d3ed59f50eb1d22d1dc12068
mri,file1001566.h5,0.25,variable_density,cm,29.03818609981117,0.6812990307807922,0.036756937645688256,0,0.013711205217987299,547687936,NVIDIA H100 NVL,f184f041508d90967c0c6575eabe25575ba59219d3ed59f50eb1d22d1dc12068
mri,file1001585.h5,0.05,adasense_matched,cm,24.759827743002383,0.4755629003047943,0.03031088757928715,1000,12.963958220090717,5985438720,NVIDIA H100 NVL,b11ebb073ada8c8a046b669afd3bc53e0f17f38f8e42cab4122e57cb75e17986
mri,file1001585.h5,0.05,ads_matched,cm,23.72379740031626,0.44641268253326416,0.038477042350917236,80032,1460.6321425829083,31216668160,NVIDIA H100 NVL,b11ebb073ada8c8a046b669afd3bc53e0f17f38f8e42cab4122e57cb75e17986
mri,file1001585.h5,0.05,cm_spectral_once_k1,cm,23.452767502038142,0.4421881139278412,0.04095478875572314,1,0.033331040758639574,1212618240,NVIDIA H100 NVL,b11ebb073ada8c8a046b669afd3bc53e0f17f38f8e42cab4122e57cb75e17986
mri,file1001585.h5,0.05,cm_spectral_repeat_k1,cm,22.91321315656394,0.4339542090892792,0.046372457481069905,5,0.12216808134689927,1214738432,NVIDIA H100 NVL,b11ebb073ada8c8a046b669afd3bc53e0f17f38f8e42cab4122e57cb75e17986
mri,file1001585.h5,0.05,cm_spectral_repeat_k10,cm,22.965981248961175,0.43402978777885437,0.045812425426724555,50,1.0985308703966439,1218506752,NVIDIA H100 NVL,b11ebb073ada8c8a046b669afd3bc53e0f17f38f8e42cab4122e57cb75e17986
mri,file1001585.h5,0.05,cm_spectral_repeat_k5,cm,23.094524585966248,0.43628522753715515,0.044476331269463654,25,0.556452673394233,1218506752,NVIDIA H100 NVL,b11ebb073ada8c8a046b669afd3bc53e0f17f38f8e42cab4122e57cb75e17986
mri,file1001585.h5,0.05,uniform,cm,20.22730203621991,0.40583279728889465,0.08606988513282962,0,0.01749660586938262,543683584,NVIDIA H100 NVL,b11ebb073ada8c8a046b669afd3bc53e0f17f38f8e42cab4122e57cb75e17986
mri,file1001585.h5,0.05,variable_density,cm,23.64982313875407,0.4584804177284241,0.03913804159280516,0,0.01130986399948597,547687936,NVIDIA H100 NVL,b11ebb073ada8c8a046b669afd3bc53e0f17f38f8e42cab4122e57cb75e17986
mri,file1001585.h5,0.1,adasense_matched,cm,26.380106037141083,0.5204493403434753,0.02087232460603471,1000,19.95342761883512,5960108544,NVIDIA A100-SXM4-80GB,04a89a21f84f9e14113a9ea4953335dcb0050f106a4cd2e2cc430105e6bfb8f3
mri,file1001585.h5,0.1,ads_matched,cm,25.904286861189895,0.5043750405311584,0.02328910147933485,80032,2335.3529896973632,31166598656,NVIDIA A100-SXM4-80GB,04a89a21f84f9e14113a9ea4953335dcb0050f106a4cd2e2cc430105e6bfb8f3
mri,file1001585.h5,0.1,cm_spectral_once_k1,cm,25.712078147693255,0.4981459677219391,0.024342971332292244,1,0.04604550497606397,1187288064,NVIDIA A100-SXM4-80GB,04a89a21f84f9e14113a9ea4953335dcb0050f106a4cd2e2cc430105e6bfb8f3
mri,file1001585.h5,0.1,cm_spectral_repeat_k1,cm,25.490305381990975,0.4933067262172699,0.02561833381409085,5,0.17688453756272793,1189408256,NVIDIA A100-SXM4-80GB,04a89a21f84f9e14113a9ea4953335dcb0050f106a4cd2e2cc430105e6bfb8f3
mri,file1001585.h5,0.1,cm_spectral_repeat_k10,cm,25.744291100411946,0.4993991553783417,0.024163081887781247,50,1.6312623107805848,1193176576,NVIDIA A100-SXM4-80GB,04a89a21f84f9e14113a9ea4953335dcb0050f106a4cd2e2cc430105e6bfb8f3
mri,file1001585.h5,0.1,cm_spectral_repeat_k5,cm,25.700365166235507,0.4985242486000061,0.024408714202124877,25,0.8239603736437857,1193176576,NVIDIA A100-SXM4-80GB,04a89a21f84f9e14113a9ea4953335dcb0050f106a4cd2e2cc430105e6bfb8f3
mri,file1001585.h5,0.1,uniform,cm,20.904964557225078,0.4186910092830658,0.07363511715275071,0,0.028752880170941353,518648832,NVIDIA A100-SXM4-80GB,04a89a21f84f9e14113a9ea4953335dcb0050f106a4cd2e2cc430105e6bfb8f3
mri,file1001585.h5,0.1,variable_density,cm,26.135820338951778,0.5258871912956238,0.02208001704346668,0,0.013806289993226528,522653184,NVIDIA A100-SXM4-80GB,04a89a21f84f9e14113a9ea4953335dcb0050f106a4cd2e2cc430105e6bfb8f3
mri,file1001585.h5,0.25,adasense_matched,cm,28.217655660347862,0.6302997469902039,0.013671489666452308,1000,12.95630658743903,5985438720,NVIDIA H100 NVL,f4662e00f1d2e9b026855ce47a00db11e1415652dd4d4d54934392ccea525237
mri,file1001585.h5,0.25,ads_matched,cm,27.991488375198905,0.6225818395614624,0.014402323983284343,80032,1461.207623551134,31216668160,NVIDIA H100 NVL,f4662e00f1d2e9b026855ce47a00db11e1415652dd4d4d54934392ccea525237
mri,file1001585.h5,0.25,cm_spectral_once_k1,cm,27.648487158658956,0.6129693388938904,0.0155859294419508,1,0.034386401530355215,1212618240,NVIDIA H100 NVL,f4662e00f1d2e9b026855ce47a00db11e1415652dd4d4d54934392ccea525237
mri,file1001585.h5,0.25,cm_spectral_repeat_k1,cm,27.689582179477306,0.6139804720878601,0.015439143882580417,5,0.12318890076130629,1214738432,NVIDIA H100 NVL,f4662e00f1d2e9b026855ce47a00db11e1415652dd4d4d54934392ccea525237
mri,file1001585.h5,0.25,cm_spectral_repeat_k10,cm,28.006287582726262,0.6227921843528748,0.014353329692694317,50,1.1000973796471953,1218506752,NVIDIA H100 NVL,f4662e00f1d2e9b026855ce47a00db11e1415652dd4d4d54934392ccea525237
mri,file1001585.h5,0.25,cm_spectral_repeat_k5,cm,27.991488375198905,0.6225818395614624,0.014402323983284343,25,0.5575822540558875,1218506752,NVIDIA H100 NVL,f4662e00f1d2e9b026855ce47a00db11e1415652dd4d4d54934392ccea525237
mri,file1001585.h5,0.25,uniform,cm,26.734696118311554,0.5891687870025635,0.019235868269701077,0,0.026058288756757975,543683584,NVIDIA H100 NVL,f4662e00f1d2e9b026855ce47a00db11e1415652dd4d4d54934392ccea525237
mri,file1001585.h5,0.25,variable_density,cm,28.2575148862183,0.629769504070282,0.013546588214535773,0,0.013694083783775568,547687936,NVIDIA H100 NVL,f4662e00f1d2e9b026855ce47a00db11e1415652dd4d4d54934392ccea525237
mri,file1001643.h5,0.05,adasense_matched,cm,22.494473507542665,0.28438305854797363,0.08680366926980838,1000,50.6647150660865,5960108544,NVIDIA A40,b756fbe3abef1db15c208bef33e9793233589a7371b03a0b6eb27b14b689289d
mri,file1001643.h5,0.05,ads_matched,cm,22.035126632003653,0.27314069867134094,0.09648788684162511,80032,6043.906206312124,31166598656,NVIDIA A40,b756fbe3abef1db15c208bef33e9793233589a7371b03a0b6eb27b14b689289d
mri,file1001643.h5,0.05,cm_spectral_once_k1,cm,22.051583378188187,0.27340036630630493,0.09612295716938221,1,0.0771640739403665,1187583488,NVIDIA A40,b756fbe3abef1db15c208bef33e9793233589a7371b03a0b6eb27b14b689289d
mri,file1001643.h5,0.05,cm_spectral_repeat_k1,cm,21.918048430362145,0.26950395107269287,0.09912440586133989,5,0.3088167472742498,1189703680,NVIDIA A40,b756fbe3abef1db15c208bef33e9793233589a7371b03a0b6eb27b14b689289d
mri,file1001643.h5,0.05,cm_spectral_repeat_k10,cm,22.035126632003653,0.27314069867134094,0.09648788684162511,50,2.884259863756597,1193472000,NVIDIA A40,b756fbe3abef1db15c208bef33e9793233589a7371b03a0b6eb27b14b689289d
mri,file1001643.h5,0.05,cm_spectral_repeat_k5,cm,22.035126632003653,0.27314069867134094,0.09648788684162511,25,1.453833194449544,1193472000,NVIDIA A40,b756fbe3abef1db15c208bef33e9793233589a7371b03a0b6eb27b14b689289d
mri,file1001643.h5,0.05,uniform,cm,20.33312638005529,0.24092501401901245,0.14278178039955874,0,0.04241590993478894,518648832,NVIDIA A40,b756fbe3abef1db15c208bef33e9793233589a7371b03a0b6eb27b14b689289d
mri,file1001643.h5,0.05,variable_density,cm,21.365546152069427,0.27174627780914307,0.11257212033604184,0,0.019722364842891693,522653184,NVIDIA A40,b756fbe3abef1db15c208bef33e9793233589a7371b03a0b6eb27b14b689289d
mri,file1001643.h5,0.1,adasense_matched,cm,23.663349837751618,0.3596569299697876,0.06632090941716667,1000,19.985019460786134,5960108544,NVIDIA A100-SXM4-80GB,6355f7e0a5aaad29756b94d7ec08ba79268da06111aa5a6a5b8eecfca620e2ed
mri,file1001643.h5,0.1,ads_matched,cm,23.33815577830351,0.3467310667037964,0.0714775878745946,80032,2334.7107278788462,31166598656,NVIDIA A100-SXM4-80GB,6355f7e0a5aaad29756b94d7ec08ba79268da06111aa5a6a5b8eecfca620e2ed
mri,file1001643.h5,0.1,cm_spectral_once_k1,cm,22.114360888464354,0.3181300461292267,0.09474348551741761,1,0.045603713020682335,1187288064,NVIDIA A100-SXM4-80GB,6355f7e0a5aaad29756b94d7ec08ba79268da06111aa5a6a5b8eecfca620e2ed
mri,file1001643.h5,0.1,cm_spectral_repeat_k1,cm,22.22849912982815,0.3201884329319,0.09228593953558054,5,0.177026875782758,1189408256,NVIDIA A100-SXM4-80GB,6355f7e0a5aaad29756b94d7ec08ba79268da06111aa5a6a5b8eecfca620e2ed
mri,file1001643.h5,0.1,cm_spectral_repeat_k10,cm,23.371198682201857,0.347486674785614,0.07093581699919123,50,1.6293696672655642,1193176576,NVIDIA A100-SXM4-80GB,6355f7e0a5aaad29756b94d7ec08ba79268da06111aa5a6a5b8eecfca620e2ed
mri,file1001643.h5,0.1,cm_spectral_repeat_k5,cm,23.40159578905244,0.3479728102684021,0.0704410613493514,25,0.8221926419064403,1193176576,NVIDIA A100-SXM4-80GB,6355f7e0a5aaad29756b94d7ec08ba79268da06111aa5a6a5b8eecfca620e2ed
mri,file1001643.h5,0.1,uniform,cm,20.758217137776708,0.29132014513015747,0.12946838070098549,0,0.020941805094480515,518648832,NVIDIA A100-SXM4-80GB,6355f7e0a5aaad29756b94d7ec08ba79268da06111aa5a6a5b8eecfca620e2ed
mri,file1001643.h5,0.1,variable_density,cm,23.124218478399037,0.3575423061847687,0.07508680242876253,0,0.014142966829240322,522653184,NVIDIA A100-SXM4-80GB,6355f7e0a5aaad29756b94d7ec08ba79268da06111aa5a6a5b8eecfca620e2ed
mri,file1001643.h5,0.25,adasense_matched,cm,25.53782234335536,0.5107367634773254,0.043072810756444056,1000,19.942703010048717,5960108544,NVIDIA A100-SXM4-80GB,f1647e9faa56a9541011948eba8a11d1a8f746a31075be770ab93425990a419d
mri,file1001643.h5,0.25,ads_matched,cm,25.429312229549765,0.5055642127990723,0.044162559638076214,80032,2335.064102672972,31166598656,NVIDIA A100-SXM4-80GB,f1647e9faa56a9541011948eba8a11d1a8f746a31075be770ab93425990a419d
mri,file1001643.h5,0.25,cm_spectral_once_k1,cm,24.13225191492547,0.4604139029979706,0.059533340645281374,1,0.04682614607736468,1187288064,NVIDIA A100-SXM4-80GB,f1647e9faa56a9541011948eba8a11d1a8f746a31075be770ab93425990a419d
mri,file1001643.h5,0.25,cm_spectral_repeat_k1,cm,24.19703476759235,0.46053168177604675,0.05865188671783168,5,0.17805052548646927,1189408256,NVIDIA A100-SXM4-80GB,f1647e9faa56a9541011948eba8a11d1a8f746a31075be770ab93425990a419d
mri,file1001643.h5,0.25,cm_spectral_repeat_k10,cm,25.473203817638918,0.5076327323913574,0.0437184810074845,50,1.6323141911998391,1193176576,NVIDIA A100-SXM4-80GB,f1647e9faa56a9541011948eba8a11d1a8f746a31075be770ab93425990a419d
mri,file1001643.h5,0.25,cm_spectral_repeat_k5,cm,25.460366676487002,0.5071740746498108,0.043847898077129195,25,0.8242961508221924,1193176576,NVIDIA A100-SXM4-80GB,f1647e9faa56a9541011948eba8a11d1a8f746a31075be770ab93425990a419d
mri,file1001643.h5,0.25,uniform,cm,23.400351368662456,0.4458332657814026,0.07046124486209455,0,0.02908399421721697,518648832,NVIDIA A100-SXM4-80GB,f1647e9faa56a9541011948eba8a11d1a8f746a31075be770ab93425990a419d
mri,file1001643.h5,0.25,variable_density,cm,25.44829515907768,0.503608763217926,0.04396994561469102,0,0.0157006299123168,522653184,NVIDIA A100-SXM4-80GB,f1647e9faa56a9541011948eba8a11d1a8f746a31075be770ab93425990a419d
mri,file1001689.h5,0.05,adasense_matched,cm,24.26010916584921,0.37282949686050415,0.09024753193960511,1000,50.66114120511338,5960108544,NVIDIA A40,62f81771d27b8fb42a24170700d16a72d265bfc0b824ca8eb5e4e03a8cdf76d8
mri,file1001689.h5,0.05,ads_matched,cm,23.399782381980017,0.35936710238456726,0.11001908572163079,80032,6045.383062887937,31166598656,NVIDIA A40,62f81771d27b8fb42a24170700d16a72d265bfc0b824ca8eb5e4e03a8cdf76d8
mri,file1001689.h5,0.05,cm_spectral_once_k1,cm,23.529711475769616,0.3603924810886383,0.106776363659317,1,0.07803143188357353,1187583488,NVIDIA A40,62f81771d27b8fb42a24170700d16a72d265bfc0b824ca8eb5e4e03a8cdf76d8
mri,file1001689.h5,0.05,cm_spectral_repeat_k1,cm,23.47601608233966,0.3625151216983795,0.10810471783430427,5,0.3097285251133144,1189703680,NVIDIA A40,62f81771d27b8fb42a24170700d16a72d265bfc0b824ca8eb5e4e03a8cdf76d8
mri,file1001689.h5,0.05,cm_spectral_repeat_k10,cm,23.413281601274676,0.3615014851093292,0.10967764009585325,50,2.8862835806794465,1193472000,NVIDIA A40,62f81771d27b8fb42a24170700d16a72d265bfc0b824ca8eb5e4e03a8cdf76d8
mri,file1001689.h5,0.05,cm_spectral_repeat_k5,cm,23.40909907095132,0.3604115843772888,0.10978331164240496,25,1.4545173975639045,1193472000,NVIDIA A40,62f81771d27b8fb42a24170700d16a72d265bfc0b824ca8eb5e4e03a8cdf76d8
mri,file1001689.h5,0.05,uniform,cm,20.817362921901474,0.32607051730155945,0.19939302699774597,0,0.0420139329507947,518648832,NVIDIA A40,62f81771d27b8fb42a24170700d16a72d265bfc0b824ca8eb5e4e03a8cdf76d8
mri,file1001689.h5,0.05,variable_density,cm,21.906876937921904,0.3496065139770508,0.15515242754770855,0,0.02059157472103834,522653184,NVIDIA A40,62f81771d27b8fb42a24170700d16a72d265bfc0b824ca8eb5e4e03a8cdf76d8
mri,file1001689.h5,0.1,adasense_matched,cm,26.144235436132597,0.4462229311466217,0.058482067541419346,1000,19.924645971972495,5960108544,NVIDIA A100-SXM4-80GB,e057f8167cb2ba09e60a0a38cff19a806c36708b354ff2b43a7c6540a2b4cc35
mri,file1001689.h5,0.1,ads_matched,cm,25.819814775397933,0.43774381279945374,0.06301802154632219,80032,2334.3356843828224,31166598656,NVIDIA A100-SXM4-80GB,e057f8167cb2ba09e60a0a38cff19a806c36708b354ff2b43a7c6540a2b4cc35
mri,file1001689.h5,0.1,cm_spectral_once_k1,cm,25.19191030161459,0.4224732518196106,0.07282076464539348,1,0.046286347322165966,1187288064,NVIDIA A100-SXM4-80GB,e057f8167cb2ba09e60a0a38cff19a806c36708b354ff2b43a7c6540a2b4cc35
mri,file1001689.h5,0.1,cm_spectral_repeat_k1,cm,24.522708585431126,0.4115680158138275,0.08495234881767226,5,0.17724436754360795,1189408256,NVIDIA A100-SXM4-80GB,e057f8167cb2ba09e60a0a38cff19a806c36708b354ff2b43a7c6540a2b4cc35
mri,file1001689.h5,0.1,cm_spectral_repeat_k10,cm,25.876150117848326,0.4383845627307892,0.0622058526485886,50,1.627980048302561,1193176576,NVIDIA A100-SXM4-80GB,e057f8167cb2ba09e60a0a38cff19a806c36708b354ff2b43a7c6540a2b4cc35
mri,file1001689.h5,0.1,cm_spectral_repeat_k5,cm,25.85137621554854,0.437957763671875,0.06256171585572434,25,0.8216879707761109,1193176576,NVIDIA A100-SXM4-80GB,e057f8167cb2ba09e60a0a38cff19a806c36708b354ff2b43a7c6540a2b4cc35
mri,file1001689.h5,0.1,uniform,cm,21.41128206944208,0.35577479004859924,0.17390739121253437,0,0.0211001499556005,518648832,NVIDIA A100-SXM4-80GB,e057f8167cb2ba09e60a0a38cff19a806c36708b354ff2b43a7c6540a2b4cc35
mri,file1001689.h5,0.1,variable_density,cm,24.943350834123464,0.4326778054237366,0.07711008117456951,0,0.013933498878031969,522653184,NVIDIA A100-SXM4-80GB,e057f8167cb2ba09e60a0a38cff19a806c36708b354ff2b43a7c6540a2b4cc35
mri,file1001689.h5,0.25,adasense_matched,cm,27.875999895831796,0.5724254846572876,0.0392505956397791,1000,12.949322375003248,5985438720,NVIDIA H100 NVL,b9a006a5d14dcc8ae5dadd259504494a759a9d9196f1c4e011b050c46a5914b2
mri,file1001689.h5,0.25,ads_matched,cm,27.768567995787407,0.5679712891578674,0.04023365232770058,80032,1459.8821599860676,31216668160,NVIDIA H100 NVL,b9a006a5d14dcc8ae5dadd259504494a759a9d9196f1c4e011b050c46a5914b2
mri,file1001689.h5,0.25,cm_spectral_once_k1,cm,25.814582291829502,0.515665590763092,0.06309399717903165,1,0.034554712008684874,1212618240,NVIDIA H100 NVL,b9a006a5d14dcc8ae5dadd259504494a759a9d9196f1c4e011b050c46a5914b2
mri,file1001689.h5,0.25,cm_spectral_repeat_k1,cm,26.280491929453373,0.525712251663208,0.05667572033392553,5,0.12307224050164223,1214738432,NVIDIA H100 NVL,b9a006a5d14dcc8ae5dadd259504494a759a9d9196f1c4e011b050c46a5914b2
mri,file1001689.h5,0.25,cm_spectral_repeat_k10,cm,27.829540852078903,0.5705721974372864,0.03967273668360625,50,1.094192429445684,1218506752,NVIDIA H100 NVL,b9a006a5d14dcc8ae5dadd259504494a759a9d9196f1c4e011b050c46a5914b2
mri,file1001689.h5,0.25,cm_spectral_repeat_k5,cm,27.755674724988136,0.5679320096969604,0.04035327521541732,25,0.5550254732370377,1218506752,NVIDIA H100 NVL,b9a006a5d14dcc8ae5dadd259504494a759a9d9196f1c4e011b050c46a5914b2
mri,file1001689.h5,0.25,uniform,cm,25.41227184220668,0.5105358362197876,0.06921800473298352,0,0.02599501796066761,543683584,NVIDIA H100 NVL,b9a006a5d14dcc8ae5dadd259504494a759a9d9196f1c4e011b050c46a5914b2
mri,file1001689.h5,0.25,variable_density,cm,27.895025168851916,0.5721810460090637,0.03907902642161656,0,0.01380719430744648,547687936,NVIDIA H100 NVL,b9a006a5d14dcc8ae5dadd259504494a759a9d9196f1c4e011b050c46a5914b2
mri,file1001759.h5,0.05,adasense_matched,cm,22.97007206949758,0.4175280034542084,0.03785479101554969,1000,12.971654883120209,5985438720,NVIDIA H100 NVL,f928c33e1f91915fb21cceab8e0a73678d2fc51f519ae2e02b1068024b20a98e
mri,file1001759.h5,0.05,ads_matched,cm,21.190301228270954,0.3809960186481476,0.05702928950659292,80032,1460.8072148803622,31216668160,NVIDIA H100 NVL,f928c33e1f91915fb21cceab8e0a73678d2fc51f519ae2e02b1068024b20a98e
mri,file1001759.h5,0.05,cm_spectral_once_k1,cm,20.613190315391297,0.3760742247104645,0.06513419135018349,1,0.03338025091215968,1212618240,NVIDIA H100 NVL,f928c33e1f91915fb21cceab8e0a73678d2fc51f519ae2e02b1068024b20a98e
mri,file1001759.h5,0.05,cm_spectral_repeat_k1,cm,20.31537099756236,0.3717692792415619,0.06975751085764272,5,0.12238096864894032,1214738432,NVIDIA H100 NVL,f928c33e1f91915fb21cceab8e0a73678d2fc51f519ae2e02b1068024b20a98e
mri,file1001759.h5,0.05,cm_spectral_repeat_k10,cm,20.630450476527624,0.3761235475540161,0.06487584147580529,50,1.0998047310858965,1218506752,NVIDIA H100 NVL,f928c33e1f91915fb21cceab8e0a73678d2fc51f519ae2e02b1068024b20a98e
mri,file1001759.h5,0.05,cm_spectral_repeat_k5,cm,20.90051117471169,0.3774340748786926,0.06096448974426604,25,0.5575111145153642,1218506752,NVIDIA H100 NVL,f928c33e1f91915fb21cceab8e0a73678d2fc51f519ae2e02b1068024b20a98e
mri,file1001759.h5,0.05,uniform,cm,18.234852632044667,0.3331887722015381,0.11262707846839903,0,0.023839248344302177,543683584,NVIDIA H100 NVL,f928c33e1f91915fb21cceab8e0a73678d2fc51f519ae2e02b1068024b20a98e
mri,file1001759.h5,0.05,variable_density,cm,21.534819291705418,0.3990497887134552,0.05268004450719633,0,0.01138909300789237,547687936,NVIDIA H100 NVL,f928c33e1f91915fb21cceab8e0a73678d2fc51f519ae2e02b1068024b20a98e
mri,file1001759.h5,0.1,adasense_matched,cm,24.77899885906686,0.48305240273475647,0.024959057828952184,1000,19.927208472043276,5960108544,NVIDIA A100-SXM4-80GB,ecbeacf2f7e570415ac1a071c13a838b0ab8750dd1247f2400f527818686d63d
mri,file1001759.h5,0.1,ads_matched,cm,24.203502903662812,0.46978700160980225,0.028495598139848713,80032,2334.482615632005,31166598656,NVIDIA A100-SXM4-80GB,ecbeacf2f7e570415ac1a071c13a838b0ab8750dd1247f2400f527818686d63d
mri,file1001759.h5,0.1,cm_spectral_once_k1,cm,24.0268781037466,0.46602147817611694,0.029678383892881702,1,0.04508927883580327,1187288064,NVIDIA A100-SXM4-80GB,ecbeacf2f7e570415ac1a071c13a838b0ab8750dd1247f2400f527818686d63d
mri,file1001759.h5,0.1,cm_spectral_repeat_k1,cm,23.9986278277669,0.46516934037208557,0.029872069173293995,5,0.1765441163443029,1189408256,NVIDIA A100-SXM4-80GB,ecbeacf2f7e570415ac1a071c13a838b0ab8750dd1247f2400f527818686d63d
mri,file1001759.h5,0.1,cm_spectral_repeat_k10,cm,23.99719344863017,0.4649551212787628,0.029881934514273442,50,1.628382214345038,1193176576,NVIDIA A100-SXM4-80GB,ecbeacf2f7e570415ac1a071c13a838b0ab8750dd1247f2400f527818686d63d
mri,file1001759.h5,0.1,cm_spectral_repeat_k5,cm,23.954730274519864,0.46368443965911865,0.03017553850767405,25,0.8216261672787368,1193176576,NVIDIA A100-SXM4-80GB,ecbeacf2f7e570415ac1a071c13a838b0ab8750dd1247f2400f527818686d63d
mri,file1001759.h5,0.1,uniform,cm,19.925988906197784,0.38181501626968384,0.07630081395031914,0,0.020415648352354765,518648832,NVIDIA A100-SXM4-80GB,ecbeacf2f7e570415ac1a071c13a838b0ab8750dd1247f2400f527818686d63d
mri,file1001759.h5,0.1,variable_density,cm,24.525063521855163,0.4816282391548157,0.026461942934843843,0,0.014033885207027197,522653184,NVIDIA A100-SXM4-80GB,ecbeacf2f7e570415ac1a071c13a838b0ab8750dd1247f2400f527818686d63d
mri,file1001759.h5,0.25,adasense_matched,cm,26.837123167965995,0.6040998101234436,0.015538738066536599,1000,12.942804602906108,5985438720,NVIDIA H100 NVL,3aa6a2dba111d9618c7ccb436edaf7458e7143da2219e8b56153b1e70d1360e5
mri,file1001759.h5,0.25,ads_matched,cm,26.45170429643205,0.5919661521911621,0.01698078019650096,80032,1460.3118555271067,31216668160,NVIDIA H100 NVL,3aa6a2dba111d9618c7ccb436edaf7458e7143da2219e8b56153b1e70d1360e5
mri,file1001759.h5,0.25,cm_spectral_once_k1,cm,25.639378044912235,0.5703529715538025,0.02047341493367522,1,0.034334431402385235,1212618240,NVIDIA H100 NVL,3aa6a2dba111d9618c7ccb436edaf7458e7143da2219e8b56153b1e70d1360e5
mri,file1001759.h5,0.25,cm_spectral_repeat_k1,cm,25.677766445132058,0.572888970375061,0.020293241124117175,5,0.12236167956143618,1214738432,NVIDIA H100 NVL,3aa6a2dba111d9618c7ccb436edaf7458e7143da2219e8b56153b1e70d1360e5
mri,file1001759.h5,0.25,cm_spectral_repeat_k10,cm,26.409364353730822,0.5899637341499329,0.01714713850475536,50,1.091614454984665,1218506752,NVIDIA H100 NVL,3aa6a2dba111d9618c7ccb436edaf7458e7143da2219e8b56153b1e70d1360e5
mri,file1001759.h5,0.25,cm_spectral_repeat_k5,cm,26.40524012071234,0.5899443030357361,0.017163428724496405,25,0.5534383119083941,1218506752,NVIDIA H100 NVL,3aa6a2dba111d9618c7ccb436edaf7458e7143da2219e8b56153b1e70d1360e5
mri,file1001759.h5,0.25,uniform,cm,25.360249030807193,0.5628346800804138,0.021832484694928336,0,0.026232948061078787,543683584,NVIDIA H100 NVL,3aa6a2dba111d9618c7ccb436edaf7458e7143da2219e8b56153b1e70d1360e5
mri,file1001759.h5,0.25,variable_density,cm,26.761486799994103,0.5994599461555481,0.015811729466123248,0,0.013689275365322828,547687936,NVIDIA H100 NVL,3aa6a2dba111d9618c7ccb436edaf7458e7143da2219e8b56153b1e70d1360e5
mri,file1001850.h5,0.05,adasense_matched,cm,25.150067945379988,0.3939865231513977,0.12148979957559863,1000,19.934550574980676,5960108544,NVIDIA A100-SXM4-80GB,9eab1672896a392c8c3fbab6e0991aef2227c48e84f356de1475e77281c6f354
mri,file1001850.h5,0.05,ads_matched,cm,24.394602055929532,0.3788469731807709,0.14457273989202227,80032,2334.15933103906,31166598656,NVIDIA A100-SXM4-80GB,9eab1672896a392c8c3fbab6e0991aef2227c48e84f356de1475e77281c6f354
mri,file1001850.h5,0.05,cm_spectral_once_k1,cm,22.971367451241758,0.36244991421699524,0.20063645983262884,1,0.0456807822920382,1187288064,NVIDIA A100-SXM4-80GB,9eab1672896a392c8c3fbab6e0991aef2227c48e84f356de1475e77281c6f354
mri,file1001850.h5,0.05,cm_spectral_repeat_k1,cm,23.57885786154473,0.3699367642402649,0.1744459243814606,5,0.17629086319357157,1189408256,NVIDIA A100-SXM4-80GB,9eab1672896a392c8c3fbab6e0991aef2227c48e84f356de1475e77281c6f354
mri,file1001850.h5,0.05,cm_spectral_repeat_k10,cm,24.320406691096522,0.3769848346710205,0.14706385789949766,50,1.6305601061321795,1193176576,NVIDIA A100-SXM4-80GB,9eab1672896a392c8c3fbab6e0991aef2227c48e84f356de1475e77281c6f354
mri,file1001850.h5,0.05,cm_spectral_repeat_k5,cm,24.320406691096522,0.3769848346710205,0.14706385789949766,25,0.8227620320394635,1193176576,NVIDIA A100-SXM4-80GB,9eab1672896a392c8c3fbab6e0991aef2227c48e84f356de1475e77281c6f354
mri,file1001850.h5,0.05,uniform,cm,22.52266856161256,0.35380038619041443,0.22247426189622838,0,0.027075039222836494,518648832,NVIDIA A100-SXM4-80GB,9eab1672896a392c8c3fbab6e0991aef2227c48e84f356de1475e77281c6f354
mri,file1001850.h5,0.05,variable_density,cm,23.563330565191514,0.3746360242366791,0.1750707335620322,0,0.012999693863093853,522653184,NVIDIA A100-SXM4-80GB,9eab1672896a392c8c3fbab6e0991aef2227c48e84f356de1475e77281c6f354
mri,file1001850.h5,0.1,adasense_matched,cm,26.496633211198652,0.44857341051101685,0.08910114686032113,1000,19.941185412928462,5960108544,NVIDIA A100-SXM4-80GB,226a8e7cb930289324f8a70c57876b8ebcc2c141d0b4ea02b11b482ad6025472
mri,file1001850.h5,0.1,ads_matched,cm,26.14809109539241,0.4399450421333313,0.0965467135442445,80032,2334.2521103010513,31166598656,NVIDIA A100-SXM4-80GB,226a8e7cb930289324f8a70c57876b8ebcc2c141d0b4ea02b11b482ad6025472
mri,file1001850.h5,0.1,cm_spectral_once_k1,cm,24.907581084783708,0.41821524500846863,0.12846608676523852,1,0.045361550990492105,1187288064,NVIDIA A100-SXM4-80GB,226a8e7cb930289324f8a70c57876b8ebcc2c141d0b4ea02b11b482ad6025472
mri,file1001850.h5,0.1,cm_spectral_repeat_k1,cm,24.91258802827891,0.4178736209869385,0.12831806540863328,5,0.17674936819821596,1189408256,NVIDIA A100-SXM4-80GB,226a8e7cb930289324f8a70c57876b8ebcc2c141d0b4ea02b11b482ad6025472
mri,file1001850.h5,0.1,cm_spectral_repeat_k10,cm,26.129712868969932,0.4396399259567261,0.09695614566562558,50,1.6323031736537814,1193176576,NVIDIA A100-SXM4-80GB,226a8e7cb930289324f8a70c57876b8ebcc2c141d0b4ea02b11b482ad6025472
mri,file1001850.h5,0.1,cm_spectral_repeat_k5,cm,26.129712868969932,0.4396399259567261,0.09695614566562558,25,0.8236627168953419,1193176576,NVIDIA A100-SXM4-80GB,226a8e7cb930289324f8a70c57876b8ebcc2c141d0b4ea02b11b482ad6025472
mri,file1001850.h5,0.1,uniform,cm,23.173190332013334,0.3863987624645233,0.1915259343751837,0,0.021091030910611153,518648832,NVIDIA A100-SXM4-80GB,226a8e7cb930289324f8a70c57876b8ebcc2c141d0b4ea02b11b482ad6025472
mri,file1001850.h5,0.1,variable_density,cm,26.23273906629056,0.45257332921028137,0.09468314848738268,0,0.013921787030994892,522653184,NVIDIA A100-SXM4-80GB,226a8e7cb930289324f8a70c57876b8ebcc2c141d0b4ea02b11b482ad6025472
mri,file1001850.h5,0.25,adasense_matched,cm,28.292046460429226,0.5678349733352661,0.05893075222203891,1000,50.67942231707275,5960108544,NVIDIA A40,5c307590675bc3dff1349f8461852ee8d562ba847d235b1ccb15cc2ce79f040f
mri,file1001850.h5,0.25,ads_matched,cm,28.16663034785786,0.5631268620491028,0.060657371745639836,80032,6044.744739583228,31166598656,NVIDIA A40,5c307590675bc3dff1349f8461852ee8d562ba847d235b1ccb15cc2ce79f040f
mri,file1001850.h5,0.25,cm_spectral_once_k1,cm,26.64730558688371,0.5293370485305786,0.08606291636562236,1,0.07905449299141765,1187583488,NVIDIA A40,5c307590675bc3dff1349f8461852ee8d562ba847d235b1ccb15cc2ce79f040f
mri,file1001850.h5,0.25,cm_spectral_repeat_k1,cm,26.773191981262933,0.5320852398872375,0.08360406580496879,5,0.3109541926532984,1189703680,NVIDIA A40,5c307590675bc3dff1349f8461852ee8d562ba847d235b1ccb15cc2ce79f040f
mri,file1001850.h5,0.25,cm_spectral_repeat_k10,cm,28.237194198857107,0.5659559965133667,0.05967977773921882,50,2.888337079435587,1193472000,NVIDIA A40,5c307590675bc3dff1349f8461852ee8d562ba847d235b1ccb15cc2ce79f040f
mri,file1001850.h5,0.25,cm_spectral_repeat_k5,cm,28.19260942049706,0.564113199710846,0.06029560892494468,25,1.4559059971943498,1193472000,NVIDIA A40,5c307590675bc3dff1349f8461852ee8d562ba847d235b1ccb15cc2ce79f040f
mri,file1001850.h5,0.25,uniform,cm,26.459930516909576,0.524786114692688,0.08985734292123922,0,0.048142596147954464,518648832,NVIDIA A40,5c307590675bc3dff1349f8461852ee8d562ba847d235b1ccb15cc2ce79f040f
mri,file1001850.h5,0.25,variable_density,cm,28.29904038769778,0.5671213269233704,0.05883592326261874,0,0.02387504978105426,522653184,NVIDIA A40,5c307590675bc3dff1349f8461852ee8d562ba847d235b1ccb15cc2ce79f040f
mri,file1001851.h5,0.05,adasense_matched,cm,23.09983321159133,0.3115234076976776,0.12349658454161225,1000,13.010248475242406,5985438720,NVIDIA H100 NVL,573c321635eea56f9b59ea6ec5148fa0cb872b46983d8cd8b86eec2e51726e2b
mri,file1001851.h5,0.05,ads_matched,cm,22.15949279743142,0.2934224307537079,0.15335183333217112,80032,1462.0858220290393,31216668160,NVIDIA H100 NVL,573c321635eea56f9b59ea6ec5148fa0cb872b46983d8cd8b86eec2e51726e2b
mri,file1001851.h5,0.05,cm_spectral_once_k1,cm,21.196309575081735,0.27891039848327637,0.19142880510173876,1,0.05136917671188712,1212618240,NVIDIA H100 NVL,573c321635eea56f9b59ea6ec5148fa0cb872b46983d8cd8b86eec2e51726e2b
mri,file1001851.h5,0.05,cm_spectral_repeat_k1,cm,21.704729768574605,0.28731468319892883,0.17028064276214497,5,0.12131590954959393,1214738432,NVIDIA H100 NVL,573c321635eea56f9b59ea6ec5148fa0cb872b46983d8cd8b86eec2e51726e2b
mri,file1001851.h5,0.05,cm_spectral_repeat_k10,cm,22.158462473506763,0.29298028349876404,0.15338821755825505,50,1.089115496724844,1218506752,NVIDIA H100 NVL,573c321635eea56f9b59ea6ec5148fa0cb872b46983d8cd8b86eec2e51726e2b
mri,file1001851.h5,0.05,cm_spectral_repeat_k5,cm,22.1124000638528,0.2930501699447632,0.1550237493865328,25,0.5521047804504633,1218506752,NVIDIA H100 NVL,573c321635eea56f9b59ea6ec5148fa0cb872b46983d8cd8b86eec2e51726e2b
mri,file1001851.h5,0.05,uniform,cm,20.477595608894195,0.26899969577789307,0.22588047422548035,0,0.15524243097752333,543683584,NVIDIA H100 NVL,573c321635eea56f9b59ea6ec5148fa0cb872b46983d8cd8b86eec2e51726e2b
mri,file1001851.h5,0.05,variable_density,cm,22.15736658885426,0.29813897609710693,0.1534269312164096,0,0.011327673681080341,547687936,NVIDIA H100 NVL,573c321635eea56f9b59ea6ec5148fa0cb872b46983d8cd8b86eec2e51726e2b
mri,file1001851.h5,0.1,adasense_matched,cm,24.07290471247005,0.3552277088165283,0.098706963817638,1000,19.988131114281714,5960108544,NVIDIA A100-SXM4-80GB,b30ac457be8412bb7f95d83f30f50ad4aff22fdf230d0dfae86561fe289beabe
mri,file1001851.h5,0.1,ads_matched,cm,23.666913710690114,0.3416493535041809,0.10837943454734716,80032,2335.476799150929,31166598656,NVIDIA A100-SXM4-80GB,b30ac457be8412bb7f95d83f30f50ad4aff22fdf230d0dfae86561fe289beabe
mri,file1001851.h5,0.1,cm_spectral_once_k1,cm,21.78641471789593,0.312858909368515,0.16710782102459423,1,0.0456542712636292,1187288064,NVIDIA A100-SXM4-80GB,b30ac457be8412bb7f95d83f30f50ad4aff22fdf230d0dfae86561fe289beabe
mri,file1001851.h5,0.1,cm_spectral_repeat_k1,cm,22.737191056050374,0.3257893919944763,0.13425149726876345,5,0.17796273762360215,1189408256,NVIDIA A100-SXM4-80GB,b30ac457be8412bb7f95d83f30f50ad4aff22fdf230d0dfae86561fe289beabe
mri,file1001851.h5,0.1,cm_spectral_repeat_k10,cm,23.687026870522057,0.3421339988708496,0.10787866676653668,50,1.63422133307904,1193176576,NVIDIA A100-SXM4-80GB,b30ac457be8412bb7f95d83f30f50ad4aff22fdf230d0dfae86561fe289beabe
mri,file1001851.h5,0.1,cm_spectral_repeat_k5,cm,23.708237610841426,0.34261393547058105,0.10735307174843144,25,0.8243344984948635,1193176576,NVIDIA A100-SXM4-80GB,b30ac457be8412bb7f95d83f30f50ad4aff22fdf230d0dfae86561fe289beabe
mri,file1001851.h5,0.1,uniform,cm,21.206868256875403,0.2995171546936035,0.19096397068919208,0,0.026883927173912525,518648832,NVIDIA A100-SXM4-80GB,b30ac457be8412bb7f95d83f30f50ad4aff22fdf230d0dfae86561fe289beabe
mri,file1001851.h5,0.1,variable_density,cm,23.927148254617183,0.3576892614364624,0.10207595379272419,0,0.014264428056776524,522653184,NVIDIA A100-SXM4-80GB,b30ac457be8412bb7f95d83f30f50ad4aff22fdf230d0dfae86561fe289beabe
mri,file1001851.h5,0.25,adasense_matched,cm,25.675063455110283,0.48455050587654114,0.06825459893010838,1000,12.985150577034801,5985438720,NVIDIA H100 NVL,79c226afce4e1dc52e0c038cf817dca2d0d4ecb4e1ea74039c537270e47a0ea6
mri,file1001851.h5,0.25,ads_matched,cm,25.612826463037774,0.48383772373199463,0.06923976835285889,80032,1462.9894605847076,31216668160,NVIDIA H100 NVL,79c226afce4e1dc52e0c038cf817dca2d0d4ecb4e1ea74039c537270e47a0ea6
mri,file1001851.h5,0.25,cm_spectral_once_k1,cm,24.319455764160093,0.4468260705471039,0.09325941409162729,1,0.05144419614225626,1212618240,NVIDIA H100 NVL,79c226afce4e1dc52e0c038cf817dca2d0d4ecb4e1ea74039c537270e47a0ea6
mri,file1001851.h5,0.25,cm_spectral_repeat_k1,cm,24.658970621888585,0.4529413878917694,0.08624644092836795,5,0.12268566153943539,1214738432,NVIDIA H100 NVL,79c226afce4e1dc52e0c038cf817dca2d0d4ecb4e1ea74039c537270e47a0ea6
mri,file1001851.h5,0.25,cm_spectral_repeat_k10,cm,25.6460502872012,0.4845131039619446,0.06871209938878108,50,1.0941582289524376,1218506752,NVIDIA H100 NVL,79c226afce4e1dc52e0c038cf817dca2d0d4ecb4e1ea74039c537270e47a0ea6
mri,file1001851.h5,0.25,cm_spectral_repeat_k5,cm,25.61728457779928,0.4839315414428711,0.06916872818900152,25,0.5546704716980457,1218506752,NVIDIA H100 NVL,79c226afce4e1dc52e0c038cf817dca2d0d4ecb4e1ea74039c537270e47a0ea6
mri,file1001851.h5,0.25,uniform,cm,24.322766041985773,0.4417339563369751,0.09318835889917593,0,0.15830585174262524,543683584,NVIDIA H100 NVL,79c226afce4e1dc52e0c038cf817dca2d0d4ecb4e1ea74039c537270e47a0ea6
mri,file1001851.h5,0.25,variable_density,cm,25.661576288760244,0.4854520857334137,0.06846689284901024,0,0.013541004154831171,547687936,NVIDIA H100 NVL,79c226afce4e1dc52e0c038cf817dca2d0d4ecb4e1ea74039c537270e47a0ea6
mri,file1001930.h5,0.05,adasense_matched,cm,23.414306889214988,0.4641414284706116,0.04046239361177259,1000,12.949346075300127,5985438720,NVIDIA H100 NVL,858f808a9644cb02e736da32ad79d7388cb06b58acef8ad2fe325c4a20c8fea2
mri,file1001930.h5,0.05,ads_matched,cm,22.77238154934072,0.4527508020401001,0.04690769544158446,80032,1460.1963068898767,31216668160,NVIDIA H100 NVL,858f808a9644cb02e736da32ad79d7388cb06b58acef8ad2fe325c4a20c8fea2
mri,file1001930.h5,0.05,cm_spectral_once_k1,cm,22.279038906076348,0.4438139498233795,0.052550681176869674,1,0.033282340969890356,1212618240,NVIDIA H100 NVL,858f808a9644cb02e736da32ad79d7388cb06b58acef8ad2fe325c4a20c8fea2
mri,file1001930.h5,0.05,cm_spectral_repeat_k1,cm,22.4280584447375,0.4448547661304474,0.050778094602040164,5,0.12200425192713737,1214738432,NVIDIA H100 NVL,858f808a9644cb02e736da32ad79d7388cb06b58acef8ad2fe325c4a20c8fea2
mri,file1001930.h5,0.05,cm_spectral_repeat_k10,cm,22.379835264887596,0.4438343048095703,0.051345064395131285,50,1.0976806594990194,1218506752,NVIDIA H100 NVL,858f808a9644cb02e736da32ad79d7388cb06b58acef8ad2fe325c4a20c8fea2
mri,file1001930.h5,0.05,cm_spectral_repeat_k5,cm,22.07751124896351,0.4411229193210602,0.05504667805314149,25,0.5559519822709262,1218506752,NVIDIA H100 NVL,858f808a9644cb02e736da32ad79d7388cb06b58acef8ad2fe325c4a20c8fea2
mri,file1001930.h5,0.05,uniform,cm,16.674797740081356,0.34051641821861267,0.19098641796550261,0,0.023828288074582815,543683584,NVIDIA H100 NVL,858f808a9644cb02e736da32ad79d7388cb06b58acef8ad2fe325c4a20c8fea2
mri,file1001930.h5,0.05,variable_density,cm,18.468410677785297,0.4096519351005554,0.12636918265975122,0,0.011350024025887251,547687936,NVIDIA H100 NVL,858f808a9644cb02e736da32ad79d7388cb06b58acef8ad2fe325c4a20c8fea2
mri,file1001930.h5,0.1,adasense_matched,cm,26.480490080110872,0.5578330755233765,0.019972536887816403,1000,19.974094300996512,5960108544,NVIDIA A100-SXM4-80GB,762617c147df3f4ff50fb04d8e01a25e1e527c47827e6d6f7519d1caad911f09
mri,file1001930.h5,0.1,ads_matched,cm,25.516912449371304,0.5355567336082458,0.02493394475286931,80032,2334.8183524291962,31166598656,NVIDIA A100-SXM4-80GB,762617c147df3f4ff50fb04d8e01a25e1e527c47827e6d6f7519d1caad911f09
mri,file1001930.h5,0.1,cm_spectral_once_k1,cm,25.54493074111319,0.5355092883110046,0.024773602760535487,1,0.04530818713828921,1187288064,NVIDIA A100-SXM4-80GB,762617c147df3f4ff50fb04d8e01a25e1e527c47827e6d6f7519d1caad911f09
mri,file1001930.h5,0.1,cm_spectral_repeat_k1,cm,25.509857277753238,0.5346981287002563,0.024974484188878834,5,0.1773653794080019,1189408256,NVIDIA A100-SXM4-80GB,762617c147df3f4ff50fb04d8e01a25e1e527c47827e6d6f7519d1caad911f09
mri,file1001930.h5,0.1,cm_spectral_repeat_k10,cm,25.555906476303715,0.5348012447357178,0.024711073142078387,50,1.6328407297842205,1193176576,NVIDIA A100-SXM4-80GB,762617c147df3f4ff50fb04d8e01a25e1e527c47827e6d6f7519d1caad911f09
mri,file1001930.h5,0.1,cm_spectral_repeat_k5,cm,25.58117868168523,0.5354156494140625,0.02456769228228237,25,0.8243904015980661,1193176576,NVIDIA A100-SXM4-80GB,762617c147df3f4ff50fb04d8e01a25e1e527c47827e6d6f7519d1caad911f09
mri,file1001930.h5,0.1,uniform,cm,17.341049371126726,0.4004104733467102,0.1638239159168265,0,0.019908898044377565,518648832,NVIDIA A100-SXM4-80GB,762617c147df3f4ff50fb04d8e01a25e1e527c47827e6d6f7519d1caad911f09
mri,file1001930.h5,0.1,variable_density,cm,25.195571744959352,0.5458111763000488,0.026848811090251435,0,0.014425068162381649,522653184,NVIDIA A100-SXM4-80GB,762617c147df3f4ff50fb04d8e01a25e1e527c47827e6d6f7519d1caad911f09
mri,file1001930.h5,0.25,adasense_matched,cm,28.854813993231176,0.6732261776924133,0.01156114520042299,1000,12.960749198682606,5985438720,NVIDIA H100 NVL,c822d4917249eeec9590d2dbd507c94ad9b062380dc42a48ae84e438c567206a
mri,file1001930.h5,0.25,ads_matched,cm,28.385165011187546,0.658879280090332,0.012881479904340059,80032,1461.4520656410605,31216668160,NVIDIA H100 NVL,c822d4917249eeec9590d2dbd507c94ad9b062380dc42a48ae84e438c567206a
mri,file1001930.h5,0.25,cm_spectral_once_k1,cm,27.49281537192322,0.6313334703445435,0.015819789660781583,1,0.03440883103758097,1212618240,NVIDIA H100 NVL,c822d4917249eeec9590d2dbd507c94ad9b062380dc42a48ae84e438c567206a
mri,file1001930.h5,0.25,cm_spectral_repeat_k1,cm,28.17987060021483,0.6506893038749695,0.013505018568311013,5,0.12344050919637084,1214738432,NVIDIA H100 NVL,c822d4917249eeec9590d2dbd507c94ad9b062380dc42a48ae84e438c567206a
mri,file1001930.h5,0.25,cm_spectral_repeat_k10,cm,28.344978192658413,0.6563135981559753,0.013001229523296888,50,1.1012339708395302,1218506752,NVIDIA H100 NVL,c822d4917249eeec9590d2dbd507c94ad9b062380dc42a48ae84e438c567206a
mri,file1001930.h5,0.25,cm_spectral_repeat_k5,cm,28.342813569463292,0.6563705801963806,0.013007711703943749,25,0.5583664737641811,1218506752,NVIDIA H100 NVL,c822d4917249eeec9590d2dbd507c94ad9b062380dc42a48ae84e438c567206a
mri,file1001930.h5,0.25,uniform,cm,26.223243890738207,0.6217612624168396,0.021191312575673967,0,0.02594532910734415,543683584,NVIDIA H100 NVL,c822d4917249eeec9590d2dbd507c94ad9b062380dc42a48ae84e438c567206a
mri,file1001930.h5,0.25,variable_density,cm,28.73671113343567,0.6672919392585754,0.011879854621283955,0,0.013619863893836737,547687936,NVIDIA H100 NVL,c822d4917249eeec9590d2dbd507c94ad9b062380dc42a48ae84e438c567206a
mri,file1001938.h5,0.05,adasense_matched,cm,23.914200046883032,0.3315190076828003,0.09549281070085294,1000,19.957587281707674,5960108544,NVIDIA A100-SXM4-80GB,beca439f99ae32fb08c9ecea039f59de8452c989d6bca1571e0fab218c49159f
mri,file1001938.h5,0.05,ads_matched,cm,23.42480581885679,0.320230096578598,0.10688336004135725,80032,2335.952243005857,31166598656,NVIDIA A100-SXM4-80GB,beca439f99ae32fb08c9ecea039f59de8452c989d6bca1571e0fab218c49159f
mri,file1001938.h5,0.05,cm_spectral_once_k1,cm,23.206965856464898,0.31432002782821655,0.11238132077439439,1,0.046020007226616144,1187288064,NVIDIA A100-SXM4-80GB,beca439f99ae32fb08c9ecea039f59de8452c989d6bca1571e0fab218c49159f
mri,file1001938.h5,0.05,cm_spectral_repeat_k1,cm,23.205869047006566,0.3141893446445465,0.11240969921793523,5,0.17694180412217975,1189408256,NVIDIA A100-SXM4-80GB,beca439f99ae32fb08c9ecea039f59de8452c989d6bca1571e0fab218c49159f
mri,file1001938.h5,0.05,cm_spectral_repeat_k10,cm,23.413297134134638,0.3194257318973541,0.10716697626667802,50,1.6326358490623534,1193176576,NVIDIA A100-SXM4-80GB,beca439f99ae32fb08c9ecea039f59de8452c989d6bca1571e0fab218c49159f
mri,file1001938.h5,0.05,cm_spectral_repeat_k5,cm,23.36191373826544,0.31770414113998413,0.10844245028270509,25,0.8242598581127822,1193176576,NVIDIA A100-SXM4-80GB,beca439f99ae32fb08c9ecea039f59de8452c989d6bca1571e0fab218c49159f
mri,file1001938.h5,0.05,uniform,cm,21.209979334816254,0.29035088419914246,0.1779888409427839,0,0.020955951884388924,518648832,NVIDIA A100-SXM4-80GB,beca439f99ae32fb08c9ecea039f59de8452c989d6bca1571e0fab218c49159f
mri,file1001938.h5,0.05,variable_density,cm,22.37146178378376,0.31442970037460327,0.13622114075595856,0,0.013481200207024813,522653184,NVIDIA A100-SXM4-80GB,beca439f99ae32fb08c9ecea039f59de8452c989d6bca1571e0fab218c49159f
mri,file1001938.h5,0.1,adasense_matched,cm,24.882259435821826,0.3915936350822449,0.07641255822872535,1000,19.958122035022825,5960108544,NVIDIA A100-SXM4-80GB,9177e52e45168382ce110bee5aad932f6ab5e1d5fbc3f738183073cb15ef56b7
mri,file1001938.h5,0.1,ads_matched,cm,24.49951669799009,0.3774372637271881,0.08345243775666056,80032,2334.8097654371522,31166598656,NVIDIA A100-SXM4-80GB,9177e52e45168382ce110bee5aad932f6ab5e1d5fbc3f738183073cb15ef56b7
mri,file1001938.h5,0.1,cm_spectral_once_k1,cm,23.64867934598116,0.3613969683647156,0.10151326000121111,1,0.04649447649717331,1187288064,NVIDIA A100-SXM4-80GB,9177e52e45168382ce110bee5aad932f6ab5e1d5fbc3f738183073cb15ef56b7
mri,file1001938.h5,0.1,cm_spectral_repeat_k1,cm,23.878970198017658,0.364634245634079,0.09627060012873678,5,0.17747719259932637,1189408256,NVIDIA A100-SXM4-80GB,9177e52e45168382ce110bee5aad932f6ab5e1d5fbc3f738183073cb15ef56b7
mri,file1001938.h5,0.1,cm_spectral_repeat_k10,cm,24.493977858828995,0.3773033916950226,0.08355893576841732,50,1.6328509030863643,1193176576,NVIDIA A100-SXM4-80GB,9177e52e45168382ce110bee5aad932f6ab5e1d5fbc3f738183073cb15ef56b7
mri,file1001938.h5,0.1,cm_spectral_repeat_k5,cm,24.51770550526321,0.3778577744960785,0.08310366114862819,25,0.8250898434780538,1193176576,NVIDIA A100-SXM4-80GB,9177e52e45168382ce110bee5aad932f6ab5e1d5fbc3f738183073cb15ef56b7
mri,file1001938.h5,0.1,uniform,cm,22.38678043792419,0.33317193388938904,0.13574150370847174,0,0.02055142307654023,518648832,NVIDIA A100-SXM4-80GB,9177e52e45168382ce110bee5aad932f6ab5e1d5fbc3f738183073cb15ef56b7
mri,file1001938.h5,0.1,variable_density,cm,24.59602735941617,0.3927946090698242,0.0816183800919997,0,0.014304657001048326,522653184,NVIDIA A100-SXM4-80GB,9177e52e45168382ce110bee5aad932f6ab5e1d5fbc3f738183073cb15ef56b7
mri,file1001938.h5,0.25,adasense_matched,cm,26.724145037263973,0.5396730899810791,0.050000714892872604,1000,50.665258806198835,5960108544,NVIDIA A40,c1d935110f62e34661850ebc966c796735a7aaf8fe99083e7e8b3f7fb5511c8e
mri,file1001938.h5,0.25,ads_matched,cm,26.547705763080074,0.5299233198165894,0.05207390422341888,80032,6045.576347363181,31166598656,NVIDIA A40,c1d935110f62e34661850ebc966c796735a7aaf8fe99083e7e8b3f7fb5511c8e
mri,file1001938.h5,0.25,cm_spectral_once_k1,cm,25.12648230980581,0.4902970492839813,0.07223413554593144,1,0.07913210429251194,1187583488,NVIDIA A40,c1d935110f62e34661850ebc966c796735a7aaf8fe99083e7e8b3f7fb5511c8e
mri,file1001938.h5,0.25,cm_spectral_repeat_k1,cm,25.336285913889945,0.4934283494949341,0.06882751681540177,5,0.3112822016701102,1189703680,NVIDIA A40,c1d935110f62e34661850ebc966c796735a7aaf8fe99083e7e8b3f7fb5511c8e
mri,file1001938.h5,0.25,cm_spectral_repeat_k10,cm,26.628445154521412,0.5353074073791504,0.05111474226850367,50,2.8883081837557256,1193472000,NVIDIA A40,c1d935110f62e34661850ebc966c796735a7aaf8fe99083e7e8b3f7fb5511c8e
mri,file1001938.h5,0.25,cm_spectral_repeat_k5,cm,26.591827609181173,0.5331915020942688,0.05154753631095092,25,1.4562177085317671,1193472000,NVIDIA A40,c1d935110f62e34661850ebc966c796735a7aaf8fe99083e7e8b3f7fb5511c8e
mri,file1001938.h5,0.25,uniform,cm,25.139835482582193,0.4865656793117523,0.07201237858035171,0,0.04638421069830656,518648832,NVIDIA A40,c1d935110f62e34661850ebc966c796735a7aaf8fe99083e7e8b3f7fb5511c8e
mri,file1001938.h5,0.25,variable_density,cm,26.638911970794595,0.5338612794876099,0.050991700093749086,0,0.024206385016441345,522653184,NVIDIA A40,c1d935110f62e34661850ebc966c796735a7aaf8fe99083e7e8b3f7fb5511c8e
mri,file1001968.h5,0.05,adasense_matched,cm,23.145230683706895,0.2986968159675598,0.10625955252599599,1000,12.946169052738696,5985438720,NVIDIA H100 NVL,3440a840e34803dc676a92d02489cfef468e334fe964ba14e0aae7ca81a31be2
mri,file1001968.h5,0.05,ads_matched,cm,22.766951886307957,0.2908233106136322,0.11593000690870876,80032,1458.7340268199332,31216668160,NVIDIA H100 NVL,3440a840e34803dc676a92d02489cfef468e334fe964ba14e0aae7ca81a31be2
mri,file1001968.h5,0.05,cm_spectral_once_k1,cm,22.66957205524683,0.2888885736465454,0.11855881031805045,1,0.03321842011064291,1212618240,NVIDIA H100 NVL,3440a840e34803dc676a92d02489cfef468e334fe964ba14e0aae7ca81a31be2
mri,file1001968.h5,0.05,cm_spectral_repeat_k1,cm,22.337277527528784,0.2830606698989868,0.1279862472895418,5,0.1215292471460998,1214738432,NVIDIA H100 NVL,3440a840e34803dc676a92d02489cfef468e334fe964ba14e0aae7ca81a31be2
mri,file1001968.h5,0.05,cm_spectral_repeat_k10,cm,22.784869982739036,0.290844202041626,0.11545268768005476,50,1.0916805281303823,1218506752,NVIDIA H100 NVL,3440a840e34803dc676a92d02489cfef468e334fe964ba14e0aae7ca81a31be2
mri,file1001968.h5,0.05,cm_spectral_repeat_k5,cm,22.785982215317727,0.2912217974662781,0.11542313044894481,25,0.5531871821731329,1218506752,NVIDIA H100 NVL,3440a840e34803dc676a92d02489cfef468e334fe964ba14e0aae7ca81a31be2
mri,file1001968.h5,0.05,uniform,cm,20.676004735677054,0.2659999430179596,0.18762493875564004,0,0.024186788126826286,543683584,NVIDIA H100 NVL,3440a840e34803dc676a92d02489cfef468e334fe964ba14e0aae7ca81a31be2
mri,file1001968.h5,0.05,variable_density,cm,21.94280490042732,0.28680139780044556,0.1401556335873426,0,0.011447144206613302,547687936,NVIDIA H100 NVL,3440a840e34803dc676a92d02489cfef468e334fe964ba14e0aae7ca81a31be2
mri,file1001968.h5,0.1,adasense_matched,cm,24.25336075371807,0.35687723755836487,0.08232940669046089,1000,19.9588978192769,5960108544,NVIDIA A100-SXM4-80GB,0f45ffd682a4963051d5db8e3f4aaab80ead9abaf37be52134a0850819722054
mri,file1001968.h5,0.1,ads_matched,cm,24.094656855022652,0.35356760025024414,0.08539361085038376,80032,2334.989772170782,31166598656,NVIDIA A100-SXM4-80GB,0f45ffd682a4963051d5db8e3f4aaab80ead9abaf37be52134a0850819722054
mri,file1001968.h5,0.1,cm_spectral_once_k1,cm,21.729653581383882,0.3129207491874695,0.14720606548878878,1,0.045798246283084154,1187288064,NVIDIA A100-SXM4-80GB,0f45ffd682a4963051d5db8e3f4aaab80ead9abaf37be52134a0850819722054
mri,file1001968.h5,0.1,cm_spectral_repeat_k1,cm,23.52240891454741,0.34420686960220337,0.09742045733582251,5,0.17691359389573336,1189408256,NVIDIA A100-SXM4-80GB,0f45ffd682a4963051d5db8e3f4aaab80ead9abaf37be52134a0850819722054
mri,file1001968.h5,0.1,cm_spectral_repeat_k10,cm,24.094656855022652,0.35356760025024414,0.08539361085038376,50,1.6322293733246624,1193176576,NVIDIA A100-SXM4-80GB,0f45ffd682a4963051d5db8e3f4aaab80ead9abaf37be52134a0850819722054
mri,file1001968.h5,0.1,cm_spectral_repeat_k5,cm,24.119012905516534,0.35362228751182556,0.0849160433514419,25,0.8238773285411298,1193176576,NVIDIA A100-SXM4-80GB,0f45ffd682a4963051d5db8e3f4aaab80ead9abaf37be52134a0850819722054
mri,file1001968.h5,0.1,uniform,cm,21.523901383213925,0.3073771893978119,0.15434796539101733,0,0.0290111699141562,518648832,NVIDIA A100-SXM4-80GB,0f45ffd682a4963051d5db8e3f4aaab80ead9abaf37be52134a0850819722054
mri,file1001968.h5,0.1,variable_density,cm,24.15590427946732,0.3619612455368042,0.08419777780844134,0,0.013682334683835506,522653184,NVIDIA A100-SXM4-80GB,0f45ffd682a4963051d5db8e3f4aaab80ead9abaf37be52134a0850819722054
mri,file1001968.h5,0.25,adasense_matched,cm,25.70508749099398,0.47758010029792786,0.058936223753518514,1000,12.908761861734092,5985438720,NVIDIA H100 NVL,6c58f9cb96b6fa4d5e3ec4f2a9291fc7d36ed4a8d77a6822ff85aa8bfec06a10
mri,file1001968.h5,0.25,ads_matched,cm,25.658069175338845,0.47531425952911377,0.05957775417729133,80032,1460.0313597558998,31216668160,NVIDIA H100 NVL,6c58f9cb96b6fa4d5e3ec4f2a9291fc7d36ed4a8d77a6822ff85aa8bfec06a10
mri,file1001968.h5,0.25,cm_spectral_once_k1,cm,24.658144170419334,0.4513688385486603,0.07500265649207986,1,0.03446973115205765,1212618240,NVIDIA H100 NVL,6c58f9cb96b6fa4d5e3ec4f2a9291fc7d36ed4a8d77a6822ff85aa8bfec06a10
mri,file1001968.h5,0.25,cm_spectral_repeat_k1,cm,24.450062743623135,0.4484041631221771,0.07868370124899293,5,0.12352596968412399,1214738432,NVIDIA H100 NVL,6c58f9cb96b6fa4d5e3ec4f2a9291fc7d36ed4a8d77a6822ff85aa8bfec06a10
mri,file1001968.h5,0.25,cm_spectral_repeat_k10,cm,25.693918514896282,0.47734495997428894,0.05908798876710229,50,1.1029769200831652,1218506752,NVIDIA H100 NVL,6c58f9cb96b6fa4d5e3ec4f2a9291fc7d36ed4a8d77a6822ff85aa8bfec06a10
mri,file1001968.h5,0.25,cm_spectral_repeat_k5,cm,25.677900629601194,0.476946085691452,0.05930632288496974,25,0.5590090313926339,1218506752,NVIDIA H100 NVL,6c58f9cb96b6fa4d5e3ec4f2a9291fc7d36ed4a8d77a6822ff85aa8bfec06a10
mri,file1001968.h5,0.25,uniform,cm,24.398268554785766,0.44267737865448,0.0796277032844957,0,0.025504227727651596,543683584,NVIDIA H100 NVL,6c58f9cb96b6fa4d5e3ec4f2a9291fc7d36ed4a8d77a6822ff85aa8bfec06a10
mri,file1001968.h5,0.25,variable_density,cm,25.722286381488285,0.479814738035202,0.05870328742266903,0,0.013604384381324053,547687936,NVIDIA H100 NVL,6c58f9cb96b6fa4d5e3ec4f2a9291fc7d36ed4a8d77a6822ff85aa8bfec06a10
mri,file1002021.h5,0.05,adasense_matched,cm,25.559898719916063,0.567550539970398,0.035755934341173,1000,12.948088663630188,5985438720,NVIDIA H100 NVL,52d123a0c8c1a04c42db3d505658f32cbc39cd9eaa55b2b901c5145a2231a338
mri,file1002021.h5,0.05,ads_matched,cm,24.78750501494477,0.5569287538528442,0.04271569633945611,80032,1460.0361603670754,31216668160,NVIDIA H100 NVL,52d123a0c8c1a04c42db3d505658f32cbc39cd9eaa55b2b901c5145a2231a338
mri,file1002021.h5,0.05,cm_spectral_once_k1,cm,23.594747189291674,0.5423182845115662,0.05621643291096446,1,0.03326076129451394,1212618240,NVIDIA H100 NVL,52d123a0c8c1a04c42db3d505658f32cbc39cd9eaa55b2b901c5145a2231a338
mri,file1002021.h5,0.05,cm_spectral_repeat_k1,cm,23.465314171985355,0.5385046601295471,0.05791706728616609,5,0.12210055068135262,1214738432,NVIDIA H100 NVL,52d123a0c8c1a04c42db3d505658f32cbc39cd9eaa55b2b901c5145a2231a338
mri,file1002021.h5,0.05,cm_spectral_repeat_k10,cm,23.863303224973414,0.5452642440795898,0.05284545596284966,50,1.0982530694454908,1218506752,NVIDIA H100 NVL,52d123a0c8c1a04c42db3d505658f32cbc39cd9eaa55b2b901c5145a2231a338
mri,file1002021.h5,0.05,cm_spectral_repeat_k5,cm,23.465314171985355,0.5385046601295471,0.05791706728616609,25,0.5564383128657937,1218506752,NVIDIA H100 NVL,52d123a0c8c1a04c42db3d505658f32cbc39cd9eaa55b2b901c5145a2231a338
mri,file1002021.h5,0.05,uniform,cm,19.751190851561272,0.46638625860214233,0.13621310364945452,0,0.017577004618942738,543683584,NVIDIA H100 NVL,52d123a0c8c1a04c42db3d505658f32cbc39cd9eaa55b2b901c5145a2231a338
mri,file1002021.h5,0.05,variable_density,cm,23.611705589926668,0.5430273413658142,0.05599734444166665,0,0.011348884087055922,547687936,NVIDIA H100 NVL,52d123a0c8c1a04c42db3d505658f32cbc39cd9eaa55b2b901c5145a2231a338
mri,file1002021.h5,0.1,adasense_matched,cm,28.269326297033594,0.6283169388771057,0.019160435137178085,1000,50.68233727896586,5960108544,NVIDIA A40,d466f02a49c9c643518048909bec43e22db25a7b6f5c99b1a8146a7c239524d6
mri,file1002021.h5,0.1,ads_matched,cm,27.564245300188254,0.6171435713768005,0.022537900173798735,80032,6044.010815183166,31166598656,NVIDIA A40,d466f02a49c9c643518048909bec43e22db25a7b6f5c99b1a8146a7c239524d6
mri,file1002021.h5,0.1,cm_spectral_once_k1,cm,27.383067141508896,0.6143026947975159,0.02349802035290172,1,0.07785146543756127,1187583488,NVIDIA A40,d466f02a49c9c643518048909bec43e22db25a7b6f5c99b1a8146a7c239524d6
mri,file1002021.h5,0.1,cm_spectral_repeat_k1,cm,27.34191252381042,0.6125968098640442,0.02372175111181878,5,0.3091487782076001,1189703680,NVIDIA A40,d466f02a49c9c643518048909bec43e22db25a7b6f5c99b1a8146a7c239524d6
mri,file1002021.h5,0.1,cm_spectral_repeat_k10,cm,27.271571293311908,0.6117321252822876,0.024109092870694376,50,2.8876494611613452,1193472000,NVIDIA A40,d466f02a49c9c643518048909bec43e22db25a7b6f5c99b1a8146a7c239524d6
mri,file1002021.h5,0.1,cm_spectral_repeat_k5,cm,27.271571293311908,0.6117321252822876,0.024109092870694376,25,1.4550997959449887,1193472000,NVIDIA A40,d466f02a49c9c643518048909bec43e22db25a7b6f5c99b1a8146a7c239524d6
mri,file1002021.h5,0.1,uniform,cm,17.97783494387423,0.42518046498298645,0.2049059103346705,0,0.040020368061959743,518648832,NVIDIA A40,d466f02a49c9c643518048909bec43e22db25a7b6f5c99b1a8146a7c239524d6
mri,file1002021.h5,0.1,variable_density,cm,27.78010204469764,0.6242595911026001,0.021445085646908387,0,0.02099041221663356,522653184,NVIDIA A40,d466f02a49c9c643518048909bec43e22db25a7b6f5c99b1a8146a7c239524d6
mri,file1002021.h5,0.25,adasense_matched,cm,30.483185493812734,0.7155630588531494,0.011508518681953465,1000,19.94860984478146,5960108544,NVIDIA A100-SXM4-80GB,5f5e11178a6100cdb6ce0f7834c5edaeabfd8b91d6d491a0403083af9abcccf7
mri,file1002021.h5,0.25,ads_matched,cm,30.207675243371938,0.7097222208976746,0.01226225822832993,80032,2335.57318657171,31166598656,NVIDIA A100-SXM4-80GB,5f5e11178a6100cdb6ce0f7834c5edaeabfd8b91d6d491a0403083af9abcccf7
mri,file1002021.h5,0.25,cm_spectral_once_k1,cm,28.70727747617748,0.6759780049324036,0.017322487125179007,1,0.046459312085062265,1187288064,NVIDIA A100-SXM4-80GB,5f5e11178a6100cdb6ce0f7834c5edaeabfd8b91d6d491a0403083af9abcccf7
mri,file1002021.h5,0.25,cm_spectral_repeat_k1,cm,29.785839844738465,0.6960974931716919,0.013513069689821758,5,0.1776796975173056,1189408256,NVIDIA A100-SXM4-80GB,5f5e11178a6100cdb6ce0f7834c5edaeabfd8b91d6d491a0403083af9abcccf7
mri,file1002021.h5,0.25,cm_spectral_repeat_k10,cm,30.23076827485387,0.710285484790802,0.01219722879767045,50,1.6338535752147436,1193176576,NVIDIA A100-SXM4-80GB,5f5e11178a6100cdb6ce0f7834c5edaeabfd8b91d6d491a0403083af9abcccf7
mri,file1002021.h5,0.25,cm_spectral_repeat_k5,cm,30.223912768878478,0.7100796699523926,0.01221649755800999,25,0.8240068051964045,1193176576,NVIDIA A100-SXM4-80GB,5f5e11178a6100cdb6ce0f7834c5edaeabfd8b91d6d491a0403083af9abcccf7
mri,file1002021.h5,0.25,uniform,cm,27.478273563438776,0.6602969765663147,0.02298849935806833,0,0.029715904034674168,518648832,NVIDIA A100-SXM4-80GB,5f5e11178a6100cdb6ce0f7834c5edaeabfd8b91d6d491a0403083af9abcccf7
mri,file1002021.h5,0.25,variable_density,cm,30.572185570379602,0.7154348492622375,0.01127507495745194,0,0.01557812886312604,522653184,NVIDIA A100-SXM4-80GB,5f5e11178a6100cdb6ce0f7834c5edaeabfd8b91d6d491a0403083af9abcccf7
mri,file1002145.h5,0.05,adasense_matched,cm,22.755784445532687,0.3121166527271271,0.08029588767421635,1000,50.682752646971494,5960108544,NVIDIA A40,4e44baf947b04e721ffac0e7afc8f073f43dbe228a48a791768ba95b52fe7e93
mri,file1002145.h5,0.05,ads_matched,cm,21.995463108966074,0.2996719479560852,0.09565891116819655,80032,6042.45497284038,31166598656,NVIDIA A40,4e44baf947b04e721ffac0e7afc8f073f43dbe228a48a791768ba95b52fe7e93
mri,file1002145.h5,0.05,cm_spectral_once_k1,cm,21.69229128719809,0.29533082246780396,0.10257526154071916,1,0.0774459089152515,1187583488,NVIDIA A40,4e44baf947b04e721ffac0e7afc8f073f43dbe228a48a791768ba95b52fe7e93
mri,file1002145.h5,0.05,cm_spectral_repeat_k1,cm,21.89291408600964,0.2984468340873718,0.0979445646984465,5,0.30884399358183146,1189703680,NVIDIA A40,4e44baf947b04e721ffac0e7afc8f073f43dbe228a48a791768ba95b52fe7e93
mri,file1002145.h5,0.05,cm_spectral_repeat_k10,cm,22.11331259255723,0.30145972967147827,0.09309802811119948,50,2.8852832335978746,1193472000,NVIDIA A40,4e44baf947b04e721ffac0e7afc8f073f43dbe228a48a791768ba95b52fe7e93
mri,file1002145.h5,0.05,cm_spectral_repeat_k5,cm,22.11331259255723,0.30145972967147827,0.09309802811119948,25,1.4549941327422857,1193472000,NVIDIA A40,4e44baf947b04e721ffac0e7afc8f073f43dbe228a48a791768ba95b52fe7e93
mri,file1002145.h5,0.05,uniform,cm,18.780577862302476,0.25775453448295593,0.20054597796401682,0,0.053610037080943584,518648832,NVIDIA A40,4e44baf947b04e721ffac0e7afc8f073f43dbe228a48a791768ba95b52fe7e93
mri,file1002145.h5,0.05,variable_density,cm,19.943352453160156,0.28418809175491333,0.15343925603370934,0,0.019760864786803722,522653184,NVIDIA A40,4e44baf947b04e721ffac0e7afc8f073f43dbe228a48a791768ba95b52fe7e93
mri,file1002145.h5,0.1,adasense_matched,cm,24.254094260786893,0.3783296048641205,0.05686726420785207,1000,19.952560540288687,5960108544,NVIDIA A100-SXM4-80GB,bc389b69f2eee9000d63dc469464ea9fcce9d76ea6059b58b6421dcb99db395e
mri,file1002145.h5,0.1,ads_matched,cm,23.906053092195563,0.3695756494998932,0.0616121638361419,80032,2334.738190995995,31166598656,NVIDIA A100-SXM4-80GB,bc389b69f2eee9000d63dc469464ea9fcce9d76ea6059b58b6421dcb99db395e
mri,file1002145.h5,0.1,cm_spectral_once_k1,cm,23.54768097748723,0.36065003275871277,0.06691194583348589,1,0.04564090818166733,1187288064,NVIDIA A100-SXM4-80GB,bc389b69f2eee9000d63dc469464ea9fcce9d76ea6059b58b6421dcb99db395e
mri,file1002145.h5,0.1,cm_spectral_repeat_k1,cm,23.040179150378492,0.34810808300971985,0.07520623122031729,5,0.1768102953210473,1189408256,NVIDIA A100-SXM4-80GB,bc389b69f2eee9000d63dc469464ea9fcce9d76ea6059b58b6421dcb99db395e
mri,file1002145.h5,0.1,cm_spectral_repeat_k10,cm,23.916766767709365,0.37000417709350586,0.06146035835427818,50,1.6312351361848414,1193176576,NVIDIA A100-SXM4-80GB,bc389b69f2eee9000d63dc469464ea9fcce9d76ea6059b58b6421dcb99db395e
mri,file1002145.h5,0.1,cm_spectral_repeat_k5,cm,23.982799755241984,0.37057995796203613,0.0605329380297462,25,0.8235479830764234,1193176576,NVIDIA A100-SXM4-80GB,bc389b69f2eee9000d63dc469464ea9fcce9d76ea6059b58b6421dcb99db395e
mri,file1002145.h5,0.1,uniform,cm,18.81756596014032,0.28154584765434265,0.1988452221584061,0,0.01994510181248188,518648832,NVIDIA A100-SXM4-80GB,bc389b69f2eee9000d63dc469464ea9fcce9d76ea6059b58b6421dcb99db395e
mri,file1002145.h5,0.1,variable_density,cm,23.434633510334315,0.372893750667572,0.06867654181795309,0,0.013957093004137278,522653184,NVIDIA A100-SXM4-80GB,bc389b69f2eee9000d63dc469464ea9fcce9d76ea6059b58b6421dcb99db395e
mri,file1002145.h5,0.25,adasense_matched,cm,25.97247503342814,0.5191320776939392,0.03828461313032156,1000,12.99237166903913,5985438720,NVIDIA H100 NVL,68d95c838e9d752f33a787ff2672857ea3064c257cd99acdbcfcd0d363ffa09e
mri,file1002145.h5,0.25,ads_matched,cm,25.85806847112258,0.5144719481468201,0.039306547973041825,80032,1460.1079317098483,31216668160,NVIDIA H100 NVL,68d95c838e9d752f33a787ff2672857ea3064c257cd99acdbcfcd0d363ffa09e
mri,file1002145.h5,0.25,cm_spectral_once_k1,cm,23.07458072542068,0.45388662815093994,0.07461285697871732,1,0.03449033107608557,1212618240,NVIDIA H100 NVL,68d95c838e9d752f33a787ff2672857ea3064c257cd99acdbcfcd0d363ffa09e
mri,file1002145.h5,0.25,cm_spectral_repeat_k1,cm,24.504901122655404,0.4771820902824402,0.053676185064012415,5,0.12264552107080817,1214738432,NVIDIA H100 NVL,68d95c838e9d752f33a787ff2672857ea3064c257cd99acdbcfcd0d363ffa09e
mri,file1002145.h5,0.25,cm_spectral_repeat_k10,cm,25.90933726261678,0.5168983340263367,0.038845259350365514,50,1.0910754683427513,1218506752,NVIDIA H100 NVL,68d95c838e9d752f33a787ff2672857ea3064c257cd99acdbcfcd0d363ffa09e
mri,file1002145.h5,0.25,cm_spectral_repeat_k5,cm,25.864150270778996,0.5153041481971741,0.03925154088454323,25,0.5536371720954776,1218506752,NVIDIA H100 NVL,68d95c838e9d752f33a787ff2672857ea3064c257cd99acdbcfcd0d363ffa09e
mri,file1002145.h5,0.25,uniform,cm,23.91118688334897,0.4630868434906006,0.06153936870007025,0,0.021764837205410004,543683584,NVIDIA H100 NVL,68d95c838e9d752f33a787ff2672857ea3064c257cd99acdbcfcd0d363ffa09e
mri,file1002145.h5,0.25,variable_density,cm,25.926438226655478,0.5167948603630066,0.03869260080050096,0,0.013803904876112938,547687936,NVIDIA H100 NVL,68d95c838e9d752f33a787ff2672857ea3064c257cd99acdbcfcd0d363ffa09e
mri,file1002351.h5,0.05,adasense_matched,cm,20.914810158246922,0.33652377128601074,0.04788682195575492,1000,50.66806834703311,5960108544,NVIDIA A40,7423d5610c8e2ea83ad44900e8a2ffd0b72964a56d89a42d843092b159f34725
mri,file1002351.h5,0.05,ads_matched,cm,20.409632123477202,0.31450599431991577,0.05379399795173371,80032,6043.857985619921,31166598656,NVIDIA A40,7423d5610c8e2ea83ad44900e8a2ffd0b72964a56d89a42d843092b159f34725
mri,file1002351.h5,0.05,cm_spectral_once_k1,cm,20.291106194151837,0.31191888451576233,0.05528234117874421,1,0.07789989095181227,1187583488,NVIDIA A40,7423d5610c8e2ea83ad44900e8a2ffd0b72964a56d89a42d843092b159f34725
mri,file1002351.h5,0.05,cm_spectral_repeat_k1,cm,20.45696214168074,0.31458091735839844,0.05321092886384475,5,0.30930474819615483,1189703680,NVIDIA A40,7423d5610c8e2ea83ad44900e8a2ffd0b72964a56d89a42d843092b159f34725
mri,file1002351.h5,0.05,cm_spectral_repeat_k10,cm,20.53268893520771,0.31612107157707214,0.052291144856377814,50,2.886062337551266,1193472000,NVIDIA A40,7423d5610c8e2ea83ad44900e8a2ffd0b72964a56d89a42d843092b159f34725
mri,file1002351.h5,0.05,cm_spectral_repeat_k5,cm,20.249442416590725,0.31212547421455383,0.05581524234397614,25,1.4542168397456408,1193472000,NVIDIA A40,7423d5610c8e2ea83ad44900e8a2ffd0b72964a56d89a42d843092b159f34725
mri,file1002351.h5,0.05,uniform,cm,14.714269422893345,0.24459128081798553,0.19965034811281226,0,0.04861885402351618,518648832,NVIDIA A40,7423d5610c8e2ea83ad44900e8a2ffd0b72964a56d89a42d843092b159f34725
mri,file1002351.h5,0.05,variable_density,cm,16.790307359351544,0.29399728775024414,0.12378451135893663,0,0.020408072974532843,522653184,NVIDIA A40,7423d5610c8e2ea83ad44900e8a2ffd0b72964a56d89a42d843092b159f34725
mri,file1002351.h5,0.1,adasense_matched,cm,22.669896654567275,0.4034944772720337,0.03196740340810945,1000,13.001392141915858,5985438720,NVIDIA H100 NVL,64e262af9b91148b65c1b975dda36317caefebc0c29e480c5e6ebe1ecf27f017
mri,file1002351.h5,0.1,ads_matched,cm,22.20148693292949,0.38606610894203186,0.035608062565142894,80032,1464.8768476736732,31216668160,NVIDIA H100 NVL,64e262af9b91148b65c1b975dda36317caefebc0c29e480c5e6ebe1ecf27f017
mri,file1002351.h5,0.1,cm_spectral_once_k1,cm,22.07897850273257,0.38179710507392883,0.03662681881446356,1,0.05321165733039379,1212618240,NVIDIA H100 NVL,64e262af9b91148b65c1b975dda36317caefebc0c29e480c5e6ebe1ecf27f017
mri,file1002351.h5,0.1,cm_spectral_repeat_k1,cm,22.046699804805563,0.3815268874168396,0.0369000574644344,5,0.12239498039707541,1214738432,NVIDIA H100 NVL,64e262af9b91148b65c1b975dda36317caefebc0c29e480c5e6ebe1ecf27f017
mri,file1002351.h5,0.1,cm_spectral_repeat_k10,cm,22.070472977410805,0.38140174746513367,0.036698621169282006,50,1.100133841857314,1218506752,NVIDIA H100 NVL,64e262af9b91148b65c1b975dda36317caefebc0c29e480c5e6ebe1ecf27f017
mri,file1002351.h5,0.1,cm_spectral_repeat_k5,cm,22.070472977410805,0.38140174746513367,0.036698621169282006,25,0.5574932335875928,1218506752,NVIDIA H100 NVL,64e262af9b91148b65c1b975dda36317caefebc0c29e480c5e6ebe1ecf27f017
mri,file1002351.h5,0.1,uniform,cm,16.732069618463537,0.2828355133533478,0.12545560563781746,0,0.162960363086313,543683584,NVIDIA H100 NVL,64e262af9b91148b65c1b975dda36317caefebc0c29e480c5e6ebe1ecf27f017
mri,file1002351.h5,0.1,variable_density,cm,22.373401344922495,0.40952223539352417,0.03422605926689972,0,0.012076443992555141,547687936,NVIDIA H100 NVL,64e262af9b91148b65c1b975dda36317caefebc0c29e480c5e6ebe1ecf27f017
mri,file1002351.h5,0.25,adasense_matched,cm,25.526975913092937,0.5777904391288757,0.016557678340446528,1000,19.950818757060915,5960108544,NVIDIA A100-SXM4-80GB,5ef6a6f8b714b0fd66d70474630767f81e1175f128123205577659e644308398
mri,file1002351.h5,0.25,ads_matched,cm,25.106291149850023,0.5574185848236084,0.018241809654994653,80032,2335.712158041075,31166598656,NVIDIA A100-SXM4-80GB,5ef6a6f8b714b0fd66d70474630767f81e1175f128123205577659e644308398
mri,file1002351.h5,0.25,cm_spectral_once_k1,cm,23.073726560189446,0.4969170391559601,0.029128920102731277,1,0.04685666598379612,1187288064,NVIDIA A100-SXM4-80GB,5ef6a6f8b714b0fd66d70474630767f81e1175f128123205577659e644308398
mri,file1002351.h5,0.25,cm_spectral_repeat_k1,cm,24.446561143928758,0.5324828624725342,0.021234445336569187,5,0.1780581441707909,1189408256,NVIDIA A100-SXM4-80GB,5ef6a6f8b714b0fd66d70474630767f81e1175f128123205577659e644308398
mri,file1002351.h5,0.25,cm_spectral_repeat_k10,cm,25.146420836878075,0.5587823390960693,0.01807402829124123,50,1.6295125121250749,1193176576,NVIDIA A100-SXM4-80GB,5ef6a6f8b714b0fd66d70474630767f81e1175f128123205577659e644308398
mri,file1002351.h5,0.25,cm_spectral_repeat_k5,cm,25.114198118853523,0.5576134324073792,0.018208628637459798,25,0.8229483803734183,1193176576,NVIDIA A100-SXM4-80GB,5ef6a6f8b714b0fd66d70474630767f81e1175f128123205577659e644308398
mri,file1002351.h5,0.25,uniform,cm,22.572877260552232,0.504435658454895,0.0326895776665685,0,0.021851075813174248,518648832,NVIDIA A100-SXM4-80GB,5ef6a6f8b714b0fd66d70474630767f81e1175f128123205577659e644308398
mri,file1002351.h5,0.25,variable_density,cm,25.372470574764808,0.5690692067146301,0.017157341460626065,0,0.016374967992305756,522653184,NVIDIA A100-SXM4-80GB,5ef6a6f8b714b0fd66d70474630767f81e1175f128123205577659e644308398
mri,file1002382.h5,0.05,adasense_matched,cm,23.804637777337128,0.48365649580955505,0.03732651377465114,1000,50.62471975805238,5960108544,NVIDIA A40,d4818117bb14e8164da37df045f6fb65862d7988c27979606999c8b130b72695
mri,file1002382.h5,0.05,ads_matched,cm,22.669009673303545,0.45861709117889404,0.04848196721185352,80032,6044.840244717896,31166598656,NVIDIA A40,d4818117bb14e8164da37df045f6fb65862d7988c27979606999c8b130b72695
mri,file1002382.h5,0.05,cm_spectral_once_k1,cm,21.389481903320238,0.44251739978790283,0.06509281007636138,1,0.07785339374095201,1187583488,NVIDIA A40,d4818117bb14e8164da37df045f6fb65862d7988c27979606999c8b130b72695
mri,file1002382.h5,0.05,cm_spectral_repeat_k1,cm,21.583475205563833,0.44035834074020386,0.0622491866477475,5,0.30948371067643166,1189703680,NVIDIA A40,d4818117bb14e8164da37df045f6fb65862d7988c27979606999c8b130b72695
mri,file1002382.h5,0.05,cm_spectral_repeat_k10,cm,21.758789546064893,0.44473567605018616,0.059786380646375155,50,2.885623308829963,1193472000,NVIDIA A40,d4818117bb14e8164da37df045f6fb65862d7988c27979606999c8b130b72695
mri,file1002382.h5,0.05,cm_spectral_repeat_k5,cm,22.311678047329814,0.4568631649017334,0.052639698736325985,25,1.4542456287890673,1193472000,NVIDIA A40,d4818117bb14e8164da37df045f6fb65862d7988c27979606999c8b130b72695
mri,file1002382.h5,0.05,uniform,cm,17.99827544934628,0.38693273067474365,0.14211950591335018,0,0.04239491280168295,518648832,NVIDIA A40,d4818117bb14e8164da37df045f6fb65862d7988c27979606999c8b130b72695
mri,file1002382.h5,0.05,variable_density,cm,21.16326851476787,0.4499282240867615,0.06857319328261952,0,0.02048174198716879,522653184,NVIDIA A40,d4818117bb14e8164da37df045f6fb65862d7988c27979606999c8b130b72695
mri,file1002382.h5,0.1,adasense_matched,cm,26.346672543500116,0.5514965653419495,0.020788059239244767,1000,19.9806191008538,5960108544,NVIDIA A100-SXM4-80GB,e6df07d899d3b49be8c54eda89af70c14f30dbc856e90265da885aa9f4b767e8
mri,file1002382.h5,0.1,ads_matched,cm,25.62359255006589,0.5355204343795776,0.024553983389397557,80032,2336.222592727747,31166598656,NVIDIA A100-SXM4-80GB,e6df07d899d3b49be8c54eda89af70c14f30dbc856e90265da885aa9f4b767e8
mri,file1002382.h5,0.1,cm_spectral_once_k1,cm,25.43572327545387,0.5314298272132874,0.025639461050003372,1,0.045551362447440624,1187288064,NVIDIA A100-SXM4-80GB,e6df07d899d3b49be8c54eda89af70c14f30dbc856e90265da885aa9f4b767e8
mri,file1002382.h5,0.1,cm_spectral_repeat_k1,cm,25.41730548303411,0.531053900718689,0.02574842554716366,5,0.17664759326726198,1189408256,NVIDIA A100-SXM4-80GB,e6df07d899d3b49be8c54eda89af70c14f30dbc856e90265da885aa9f4b767e8
mri,file1002382.h5,0.1,cm_spectral_repeat_k10,cm,25.462265199917272,0.532392680644989,0.025483242986030916,50,1.6310962811112404,1193176576,NVIDIA A100-SXM4-80GB,e6df07d899d3b49be8c54eda89af70c14f30dbc856e90265da885aa9f4b767e8
mri,file1002382.h5,0.1,cm_spectral_repeat_k5,cm,25.41730548303411,0.531053900718689,0.02574842554716366,25,0.8228931273333728,1193176576,NVIDIA A100-SXM4-80GB,e6df07d899d3b49be8c54eda89af70c14f30dbc856e90265da885aa9f4b767e8
mri,file1002382.h5,0.1,uniform,cm,18.702662062364414,0.4265356957912445,0.12084119459153984,0,0.035507554188370705,518648832,NVIDIA A100-SXM4-80GB,e6df07d899d3b49be8c54eda89af70c14f30dbc856e90265da885aa9f4b767e8
mri,file1002382.h5,0.1,variable_density,cm,25.9357203850586,0.5451966524124146,0.022851209430586317,0,0.013921007048338652,522653184,NVIDIA A100-SXM4-80GB,e6df07d899d3b49be8c54eda89af70c14f30dbc856e90265da885aa9f4b767e8
mri,file1002382.h5,0.25,adasense_matched,cm,28.63803172920481,0.6558489799499512,0.01226529651037498,1000,19.9397356598638,5960108544,NVIDIA A100-SXM4-80GB,6df2f14eed9ca7a2f32ce410b13f05bd968afb7cc1361426e8709f4ed24ced57
mri,file1002382.h5,0.25,ads_matched,cm,28.125796944897274,0.6439468860626221,0.01380071286235624,80032,2335.845476557035,31166598656,NVIDIA A100-SXM4-80GB,6df2f14eed9ca7a2f32ce410b13f05bd968afb7cc1361426e8709f4ed24ced57
mri,file1002382.h5,0.25,cm_spectral_once_k1,cm,26.70760156142589,0.6153205633163452,0.019130268197022942,1,0.0463630179874599,1187288064,NVIDIA A100-SXM4-80GB,6df2f14eed9ca7a2f32ce410b13f05bd968afb7cc1361426e8709f4ed24ced57
mri,file1002382.h5,0.25,cm_spectral_repeat_k1,cm,27.439861608965344,0.6278002262115479,0.016161998092269137,5,0.17750258138403296,1189408256,NVIDIA A100-SXM4-80GB,6df2f14eed9ca7a2f32ce410b13f05bd968afb7cc1361426e8709f4ed24ced57
mri,file1002382.h5,0.25,cm_spectral_repeat_k10,cm,28.17759728087191,0.6452197432518005,0.013637083128921387,50,1.631370065268129,1193176576,NVIDIA A100-SXM4-80GB,6df2f14eed9ca7a2f32ce410b13f05bd968afb7cc1361426e8709f4ed24ced57
mri,file1002382.h5,0.25,cm_spectral_repeat_k5,cm,28.15881114541306,0.6439728140830994,0.013696200175309156,25,0.823457689024508,1193176576,NVIDIA A100-SXM4-80GB,6df2f14eed9ca7a2f32ce410b13f05bd968afb7cc1361426e8709f4ed24ced57
mri,file1002382.h5,0.25,uniform,cm,26.60611850173542,0.6094487905502319,0.019582555007864037,0,0.029581451788544655,518648832,NVIDIA A100-SXM4-80GB,6df2f14eed9ca7a2f32ce410b13f05bd968afb7cc1361426e8709f4ed24ced57
mri,file1002382.h5,0.25,variable_density,cm,28.516655859279197,0.6497097611427307,0.01261291970271301,0,0.015592847019433975,522653184,NVIDIA A100-SXM4-80GB,6df2f14eed9ca7a2f32ce410b13f05bd968afb7cc1361426e8709f4ed24ced57
mri,file1002436.h5,0.05,adasense_matched,cm,25.048429110581285,0.3481256067752838,0.10852450409492359,1000,12.949964914936572,5985438720,NVIDIA H100 NVL,003ad5804eeb242a729b911270a2ff3f60f41ba6ee11ef23265532129c68ae4f
mri,file1002436.h5,0.05,ads_matched,cm,24.784739896024863,0.34117817878723145,0.11531790141536816,80032,1459.9854662199505,31216668160,NVIDIA H100 NVL,003ad5804eeb242a729b911270a2ff3f60f41ba6ee11ef23265532129c68ae4f
mri,file1002436.h5,0.05,cm_spectral_once_k1,cm,24.142888373875717,0.32977744936943054,0.1336847511174743,1,0.0331613109447062,1212618240,NVIDIA H100 NVL,003ad5804eeb242a729b911270a2ff3f60f41ba6ee11ef23265532129c68ae4f
mri,file1002436.h5,0.05,cm_spectral_repeat_k1,cm,24.479104411871,0.3340001404285431,0.12372579715814355,5,0.12194409873336554,1214738432,NVIDIA H100 NVL,003ad5804eeb242a729b911270a2ff3f60f41ba6ee11ef23265532129c68ae4f
mri,file1002436.h5,0.05,cm_spectral_repeat_k10,cm,24.811357565617055,0.34177306294441223,0.11461328488793485,50,1.0985077498480678,1218506752,NVIDIA H100 NVL,003ad5804eeb242a729b911270a2ff3f60f41ba6ee11ef23265532129c68ae4f
mri,file1002436.h5,0.05,cm_spectral_repeat_k5,cm,24.857942645812734,0.3414863646030426,0.11339044234309191,25,0.5564178829081357,1218506752,NVIDIA H100 NVL,003ad5804eeb242a729b911270a2ff3f60f41ba6ee11ef23265532129c68ae4f
mri,file1002436.h5,0.05,uniform,cm,22.648939926790312,0.316508024930954,0.18857178163099286,0,0.024200747720897198,543683584,NVIDIA H100 NVL,003ad5804eeb242a729b911270a2ff3f60f41ba6ee11ef23265532129c68ae4f
mri,file1002436.h5,0.05,variable_density,cm,23.589784452992404,0.3310219347476959,0.15184211575795967,0,0.011171003803610802,547687936,NVIDIA H100 NVL,003ad5804eeb242a729b911270a2ff3f60f41ba6ee11ef23265532129c68ae4f
mri,file1002436.h5,0.1,adasense_matched,cm,25.82092908907116,0.3968336284160614,0.09084013821070405,1000,19.94426899217069,5960108544,NVIDIA A100-SXM4-80GB,2fca764ed9907f455b618ad65ada9a5a013851b3764192b5839fba064b38000c
mri,file1002436.h5,0.1,ads_matched,cm,25.666107865561365,0.3915991187095642,0.09413690872156175,80032,2336.2168679758906,31166598656,NVIDIA A100-SXM4-80GB,2fca764ed9907f455b618ad65ada9a5a013851b3764192b5839fba064b38000c
mri,file1002436.h5,0.1,cm_spectral_once_k1,cm,24.8140211278479,0.3747332692146301,0.11454300836393025,1,0.04627236491069198,1187288064,NVIDIA A100-SXM4-80GB,2fca764ed9907f455b618ad65ada9a5a013851b3764192b5839fba064b38000c
mri,file1002436.h5,0.1,cm_spectral_repeat_k1,cm,25.032055706575388,0.3788812756538391,0.10893442462898133,5,0.17702318727970123,1189408256,NVIDIA A100-SXM4-80GB,2fca764ed9907f455b618ad65ada9a5a013851b3764192b5839fba064b38000c
mri,file1002436.h5,0.1,cm_spectral_repeat_k10,cm,25.666107865561365,0.3915991187095642,0.09413690872156175,50,1.6324413320980966,1193176576,NVIDIA A100-SXM4-80GB,2fca764ed9907f455b618ad65ada9a5a013851b3764192b5839fba064b38000c
mri,file1002436.h5,0.1,cm_spectral_repeat_k5,cm,25.698223731063234,0.39223116636276245,0.09344333786412651,25,0.823945052921772,1193176576,NVIDIA A100-SXM4-80GB,2fca764ed9907f455b618ad65ada9a5a013851b3764192b5839fba064b38000c
mri,file1002436.h5,0.1,uniform,cm,22.899310915574446,0.34056442975997925,0.17800804621210467,0,0.028688449878245592,518648832,NVIDIA A100-SXM4-80GB,2fca764ed9907f455b618ad65ada9a5a013851b3764192b5839fba064b38000c
mri,file1002436.h5,0.1,variable_density,cm,25.557802516232634,0.392000287771225,0.09651403412359104,0,0.013773945160210133,522653184,NVIDIA A100-SXM4-80GB,2fca764ed9907f455b618ad65ada9a5a013851b3764192b5839fba064b38000c
mri,file1002436.h5,0.25,adasense_matched,cm,27.212869468814958,0.510292112827301,0.0659301045722951,1000,12.945697463583201,5985438720,NVIDIA H100 NVL,e636cd9c465bbdc0979acae69d0f72d98e3670b7f41b1ca77dc4d3a4c5fff4df
mri,file1002436.h5,0.25,ads_matched,cm,27.16756612440079,0.5072163343429565,0.06662145181638804,80032,1460.34639932774,31216668160,NVIDIA H100 NVL,e636cd9c465bbdc0979acae69d0f72d98e3670b7f41b1ca77dc4d3a4c5fff4df
mri,file1002436.h5,0.25,cm_spectral_once_k1,cm,25.88951064168979,0.4756202697753906,0.08941691190536236,1,0.03445381112396717,1212618240,NVIDIA H100 NVL,e636cd9c465bbdc0979acae69d0f72d98e3670b7f41b1ca77dc4d3a4c5fff4df
mri,file1002436.h5,0.25,cm_spectral_repeat_k1,cm,26.20549002495769,0.4819745719432831,0.08314223703693407,5,0.12330735102295876,1214738432,NVIDIA H100 NVL,e636cd9c465bbdc0979acae69d0f72d98e3670b7f41b1ca77dc4d3a4c5fff4df
mri,file1002436.h5,0.25,cm_spectral_repeat_k10,cm,27.183051923929064,0.5087820887565613,0.06638432155260916,50,1.100920820608735,1218506752,NVIDIA H100 NVL,e636cd9c465bbdc0979acae69d0f72d98e3670b7f41b1ca77dc4d3a4c5fff4df
mri,file1002436.h5,0.25,cm_spectral_repeat_k5,cm,27.187407417434066,0.5088298916816711,0.06631777863054211,25,0.558273833245039,1218506752,NVIDIA H100 NVL,e636cd9c465bbdc0979acae69d0f72d98e3670b7f41b1ca77dc4d3a4c5fff4df
mri,file1002436.h5,0.25,uniform,cm,25.9933778302402,0.4662541449069977,0.08730375526303422,0,0.025426447857171297,543683584,NVIDIA H100 NVL,e636cd9c465bbdc0979acae69d0f72d98e3670b7f41b1ca77dc4d3a4c5fff4df
mri,file1002436.h5,0.25,variable_density,cm,27.1617765751212,0.5070025324821472,0.06671032395336692,0,0.013596684206277132,547687936,NVIDIA H100 NVL,e636cd9c465bbdc0979acae69d0f72d98e3670b7f41b1ca77dc4d3a4c5fff4df
mri,file1002546.h5,0.05,adasense_matched,cm,26.786963131627708,0.5854304432868958,0.046654065355372316,1000,19.947067470755428,5960108544,NVIDIA A100-SXM4-80GB,30565f304456719afcad0c4fe8f82a5338c7133f4b9c2357056c202eddc13b83
mri,file1002546.h5,0.05,ads_matched,cm,26.336968324855306,0.5747067928314209,0.05174745030522238,80032,2335.200690903235,31166598656,NVIDIA A100-SXM4-80GB,30565f304456719afcad0c4fe8f82a5338c7133f4b9c2357056c202eddc13b83
mri,file1002546.h5,0.05,cm_spectral_once_k1,cm,25.325790793091237,0.5591528415679932,0.0653140632873995,1,0.045158951077610254,1187288064,NVIDIA A100-SXM4-80GB,30565f304456719afcad0c4fe8f82a5338c7133f4b9c2357056c202eddc13b83
mri,file1002546.h5,0.05,cm_spectral_repeat_k1,cm,25.070645053650203,0.552455484867096,0.06926618838956404,5,0.17643764708191156,1189408256,NVIDIA A100-SXM4-80GB,30565f304456719afcad0c4fe8f82a5338c7133f4b9c2357056c202eddc13b83
mri,file1002546.h5,0.05,cm_spectral_repeat_k10,cm,25.150828986753197,0.5542528629302979,0.06799905741628877,50,1.6311222575604916,1193176576,NVIDIA A100-SXM4-80GB,30565f304456719afcad0c4fe8f82a5338c7133f4b9c2357056c202eddc13b83
mri,file1002546.h5,0.05,cm_spectral_repeat_k5,cm,25.15386786071849,0.5553401112556458,0.06795149165278906,25,0.8226585458032787,1193176576,NVIDIA A100-SXM4-80GB,30565f304456719afcad0c4fe8f82a5338c7133f4b9c2357056c202eddc13b83
mri,file1002546.h5,0.05,uniform,cm,21.11159094785219,0.47298264503479004,0.17235611320049263,0,0.02701885998249054,518648832,NVIDIA A100-SXM4-80GB,30565f304456719afcad0c4fe8f82a5338c7133f4b9c2357056c202eddc13b83
mri,file1002546.h5,0.05,variable_density,cm,23.63943043184761,0.5381349325180054,0.09630365250922705,0,0.01275617815554142,522653184,NVIDIA A100-SXM4-80GB,30565f304456719afcad0c4fe8f82a5338c7133f4b9c2357056c202eddc13b83
mri,file1002546.h5,0.1,adasense_matched,cm,29.09788749407708,0.6539405584335327,0.027402932269749856,1000,50.68843764485791,5960108544,NVIDIA A40,0f35de57ab289dc84a5ccccbd17ba46bbfb7727aeaf515103406aa1bcb84702d
mri,file1002546.h5,0.1,ads_matched,cm,28.72810782875497,0.6417112946510315,0.02983836371968862,80032,6045.1523235659115,31166598656,NVIDIA A40,0f35de57ab289dc84a5ccccbd17ba46bbfb7727aeaf515103406aa1bcb84702d
mri,file1002546.h5,0.1,cm_spectral_once_k1,cm,28.175335447367456,0.6313055753707886,0.033888493270542545,1,0.07813668716698885,1187583488,NVIDIA A40,0f35de57ab289dc84a5ccccbd17ba46bbfb7727aeaf515103406aa1bcb84702d
mri,file1002546.h5,0.1,cm_spectral_repeat_k1,cm,28.02923424668256,0.6298165321350098,0.035047929489982484,5,0.30947775300592184,1189703680,NVIDIA A40,0f35de57ab289dc84a5ccccbd17ba46bbfb7727aeaf515103406aa1bcb84702d
mri,file1002546.h5,0.1,cm_spectral_repeat_k10,cm,28.47082875218284,0.6372556090354919,0.031659417880512575,50,2.8873926866799593,1193472000,NVIDIA A40,0f35de57ab289dc84a5ccccbd17ba46bbfb7727aeaf515103406aa1bcb84702d
mri,file1002546.h5,0.1,cm_spectral_repeat_k5,cm,28.036305140498992,0.6312863826751709,0.034990912278567404,25,1.4558679880574346,1193472000,NVIDIA A40,0f35de57ab289dc84a5ccccbd17ba46bbfb7727aeaf515103406aa1bcb84702d
mri,file1002546.h5,0.1,uniform,cm,21.64850571709318,0.4998975694179535,0.15231238215713133,0,0.043084629345685244,518648832,NVIDIA A40,0f35de57ab289dc84a5ccccbd17ba46bbfb7727aeaf515103406aa1bcb84702d
mri,file1002546.h5,0.1,variable_density,cm,28.471717670352653,0.6534386873245239,0.03165293887813324,0,0.02104815188795328,522653184,NVIDIA A40,0f35de57ab289dc84a5ccccbd17ba46bbfb7727aeaf515103406aa1bcb84702d
mri,file1002546.h5,0.25,adasense_matched,cm,31.71109681833424,0.7551925778388977,0.01501329824361378,1000,19.93740572920069,5960108544,NVIDIA A100-SXM4-80GB,3771df65ec9ffad66f8c761188cbb896731f167e0f72fe6997787cb1788bdd54
mri,file1002546.h5,0.25,ads_matched,cm,31.134061434559218,0.7356273531913757,0.017146664868337116,80032,2335.323908864986,31166598656,NVIDIA A100-SXM4-80GB,3771df65ec9ffad66f8c761188cbb896731f167e0f72fe6997787cb1788bdd54
mri,file1002546.h5,0.25,cm_spectral_once_k1,cm,29.782793584350777,0.7043206691741943,0.02340488023008427,1,0.04628334380686283,1187288064,NVIDIA A100-SXM4-80GB,3771df65ec9ffad66f8c761188cbb896731f167e0f72fe6997787cb1788bdd54
mri,file1002546.h5,0.25,cm_spectral_repeat_k1,cm,30.60121558169113,0.7216392159461975,0.01938492962682114,5,0.17791284387931228,1189408256,NVIDIA A100-SXM4-80GB,3771df65ec9ffad66f8c761188cbb896731f167e0f72fe6997787cb1788bdd54
mri,file1002546.h5,0.25,cm_spectral_repeat_k10,cm,31.154362210616394,0.7364858388900757,0.017066700775479192,50,1.6332372934557498,1193176576,NVIDIA A100-SXM4-80GB,3771df65ec9ffad66f8c761188cbb896731f167e0f72fe6997787cb1788bdd54
mri,file1002546.h5,0.25,cm_spectral_repeat_k5,cm,31.155026731992752,0.7360228300094604,0.01706408993325055,25,0.8243543207645416,1193176576,NVIDIA A100-SXM4-80GB,3771df65ec9ffad66f8c761188cbb896731f167e0f72fe6997787cb1788bdd54
mri,file1002546.h5,0.25,uniform,cm,28.53683004238281,0.6905910968780518,0.031181915736901628,0,0.02207348169758916,518648832,NVIDIA A100-SXM4-80GB,3771df65ec9ffad66f8c761188cbb896731f167e0f72fe6997787cb1788bdd54
mri,file1002546.h5,0.25,variable_density,cm,31.56934264784499,0.7465935349464417,0.015511418410669466,0,0.015542799141258001,522653184,NVIDIA A100-SXM4-80GB,3771df65ec9ffad66f8c761188cbb896731f167e0f72fe6997787cb1788bdd54
